SET @CGUID    := 660000;
SET @OGUID    := 660000;
SET @IPPPHASE := 65536;


/*-- REMOVE EVENT 17 --*/
DELETE FROM `game_event_creature` WHERE `eventEntry` = 17;
DELETE FROM `game_event_gameobject` WHERE `eventEntry` = 17;
DELETE FROM `game_event_npcflag` WHERE `eventEntry` = 17;
DELETE FROM `game_event_npc_vendor` WHERE `eventEntry` = 17;
DELETE FROM `game_event` WHERE `eventEntry` = 17;

/* Friendship Bread and Freshly-Squeezed Lemonade */
-- Making these NPCs vendors, they will appear after the Naxx phase started.
-- Before Naxx they will be replaced with copies that do not sell these items.

DELETE FROM `npc_vendor` WHERE `entry` IN (2482, 3044, 4165, 5173, 5698, 15006) AND `item` IN (23160, 23161);
INSERT INTO `npc_vendor` (`entry`, `slot`, `item`, `maxcount`, `incrtime`, `ExtendedCost`, `VerifiedBuild`) VALUES
(2482, 0, 23160, 0, 0, 0, 0),  -- Zarena Cromwind
(2482, 0, 23161, 0, 0, 0, 0),
(3044, 0, 23160, 0, 0, 0, 0),  -- Miles Welsh
(3044, 0, 23161, 0, 0, 0, 0),
(4165, 0, 23160, 0, 0, 0, 0),  -- Elissa Dumas
(4165, 0, 23161, 0, 0, 0, 0),
(5173, 0, 23160, 0, 0, 0, 0),  -- Alexander Calder
(5173, 0, 23161, 0, 0, 0, 0),
(5698, 0, 23160, 0, 0, 0, 0),  -- Joanna Whitehall
(5698, 0, 23161, 0, 0, 0, 0),
(15006, 0, 23160, 0, 0, 0, 0), -- Deze Snowbane
(15006, 0, 23161, 0, 0, 0, 0);

UPDATE `creature` SET `npcflag` = 179 WHERE `guid` = 1803;
UPDATE `creature` SET `npcflag` = 179 WHERE `guid` = 26771;
UPDATE `creature` SET `npcflag` = 129 WHERE `guid` = 38112;
UPDATE `creature` SET `npcflag` = 177 WHERE `guid` = 46320;
UPDATE `creature` SET `npcflag` = 1048705 WHERE `guid` = 208240;

UPDATE `creature_template` SET `ScriptName` = 'npc_ipp_naxx40' WHERE `entry` IN (2482, 3044, 4165, 5173, 5698, 15006);

SET @Zarena    := 102482;
SET @Miles     := 103044;
SET @Elissa    := 104165;
SET @Alexander := 105173;
SET @Joanna    := 105698;
SET @Deze      := 115006;

-- Create copies with script npc_ipp_pre_naxx40
DELETE FROM `creature_template` WHERE `entry` IN (@Zarena, @Miles, @Elissa, @Alexander, @Joanna, @Deze);
INSERT INTO `creature_template` (`entry`, `difficulty_entry_1`, `difficulty_entry_2`, `difficulty_entry_3`, `KillCredit1`, `KillCredit2`, `name`, `subname`, `IconName`, `gossip_menu_id`, `minlevel`, `maxlevel`, `exp`, `faction`, `npcflag`, `speed_walk`, `speed_run`, `speed_swim`, `speed_flight`, `detection_range`, `scale`, `rank`, `dmgschool`, `DamageModifier`, `BaseAttackTime`, `RangeAttackTime`, `BaseVariance`, `RangeVariance`, `unit_class`, `unit_flags`, `unit_flags2`, `dynamicflags`, `family`, `trainer_type`, `trainer_spell`, `trainer_class`, `trainer_race`, `type`, `type_flags`, `lootid`, `pickpocketloot`, `skinloot`, `PetSpellDataId`, `VehicleId`, `mingold`, `maxgold`, `AIName`, `MovementType`, `HoverHeight`, `HealthModifier`, `ManaModifier`, `ArmorModifier`, `ExperienceModifier`, `RacialLeader`, `movementId`, `RegenHealth`, `mechanic_immune_mask`, `spell_school_immune_mask`, `flags_extra`, `ScriptName`, `VerifiedBuild`) VALUES
(@Zarena, 0, 0, 0, 0, 0, 'Zarena Cromwind', 'Superior Weaponsmith', NULL, 0, 43, 43, 0, 120, 4224, 1, 1.14286, 1, 1, 18, 1, 0, 0, 1, 2000, 2000, 1, 1, 1, 512, 2048, 0, 0, 0, 0, 0, 0, 7, 0, 0, 0, 0, 0, 0, 0, 0, '', 0, 1, 1.2, 1, 1, 1, 0, 0, 1, 0, 0, 2, 'npc_ipp_pre_naxx40', 12340),
(@Miles, 0, 0, 0, 0, 0, 'Miles Welsh', 'Priest Trainer', NULL, 4533, 40, 40, 0, 68, 51, 1, 1.14286, 1, 1, 18, 1, 0, 0, 1.1, 2000, 2000, 1, 1, 1, 33280, 2048, 0, 0, 0, 0, 5, 0, 7, 0, 0, 0, 0, 0, 0, 0, 0, '', 0, 1, 1.15, 1, 1, 1, 0, 0, 1, 0, 0, 2, 'npc_ipp_pre_naxx40', 12340),
(@Elissa, 0, 0, 0, 0, 0, 'Elissa Dumas', 'Portal Trainer', NULL, 4821, 35, 35, 0, 80, 49, 1, 1.14286, 1, 1, 18, 1, 0, 0, 1.45, 2000, 2000, 1, 1, 8, 512, 2048, 0, 0, 0, 0, 8, 0, 7, 134217728, 0, 0, 0, 0, 0, 0, 0, '', 0, 1, 1.1, 1, 1.6, 1, 0, 0, 1, 0, 0, 2, 'npc_ipp_pre_naxx40', 12340),
(@Alexander, 0, 0, 0, 0, 0, 'Alexander Calder', 'Warlock Trainer', NULL, 4566, 60, 60, 0, 55, 51, 1, 1.14286, 1, 1, 18, 1, 0, 0, 1.05, 2000, 2000, 1, 1, 1, 512, 2048, 0, 0, 0, 0, 9, 0, 7, 0, 0, 0, 0, 0, 0, 0, 0, '', 0, 1, 1.35, 1, 2.4, 1, 0, 0, 1, 0, 0, 2, 'npc_ipp_pre_naxx40', 12340),
(@Joanna, 0, 0, 0, 0, 0, 'Joanna Whitehall', NULL, NULL, 8730, 40, 40, 0, 68, 1, 1, 1.14286, 1, 1, 18, 1, 0, 0, 1.1, 2000, 2000, 1, 1, 1, 37376, 2048, 0, 0, 0, 0, 0, 0, 7, 0, 0, 0, 0, 0, 0, 0, 0, '', 0, 1, 1.15, 1, 1, 1, 0, 0, 1, 0, 0, 2, 'npc_ipp_pre_naxx40', 12340),
(@Deze, 0, 0, 0, 0, 0, 'Deze Snowbane', 'Arathi Basin Battlemaster', NULL, 6470, 61, 61, 0, 412, 1048577, 1, 1.14286, 1, 1, 20, 1, 1, 0, 5.1, 2000, 2000, 1, 1, 1, 832, 2048, 0, 0, 0, 0, 0, 0, 7, 0, 0, 0, 0, 0, 0, 0, 0, '', 0, 1, 50, 1, 1.15, 1, 0, 0, 1, 0, 0, 2, 'npc_ipp_pre_naxx40', 12340);

DELETE FROM `creature_template_addon` WHERE `entry` IN (@Elissa, @Alexander);
INSERT INTO `creature_template_addon` (`entry`, `path_id`, `mount`, `bytes1`, `bytes2`, `emote`, `visibilityDistanceType`, `auras`) VALUES
(@Elissa, 0, 0, 0, 1, 0, 0, NULL),
(@Alexander, 0, 0, 0, 1, 0, 0, NULL);

DELETE FROM `creature_template_locale` WHERE `entry` IN (@Zarena, @Miles, @Elissa, @Alexander, @Joanna, @Deze);
INSERT INTO `creature_template_locale` (`entry`, `locale`, `Name`, `Title`, `VerifiedBuild`) VALUES
(@Zarena, 'deDE', 'Zarena Stahlwind', 'šberragende Waffenschmiedin', 18019),
(@Zarena, 'esES', 'Zarena Cromvento', 'Forjadora de armas superior', 18019),
(@Zarena, 'esMX', 'Zarena Cromvento', 'Forjadora de armas superior', 18019),
(@Zarena, 'frFR', 'Zarena Cromwind', 'Excellente fabricante d\'armes', 18019),
(@Zarena, 'koKR', '자레나 크롬윈드', '고급 무기제작자', 18019),
(@Zarena, 'ruRU', 'Зарена Кромвинд', 'Опытная оружейница', 18019),
(@Zarena, 'zhCN', '萨瑞娜·克罗姆温德', '高级铸剑师', 18019),
(@Zarena, 'zhTW', '薩瑞娜·克羅姆溫德', '高級武器鍛造師', 18019),
(@Miles, 'deDE', 'Miles Welsch', 'Priesterlehrer', 18019),
(@Miles, 'esES', 'Miles Welsh', 'Instructor de sacerdotes', 18019),
(@Miles, 'esMX', 'Miles Welsh', 'Instructor de sacerdotes', 18019),
(@Miles, 'frFR', 'Miles Welsh', 'MaŒtre des prˆtres', 18019),
(@Miles, 'koKR', '마일스 웰시', '상급 사제', 18019),
(@Miles, 'ruRU', 'Майлз Уэльш', 'Наставник жрецов', 18019),
(@Miles, 'zhCN', '麦尔斯·威尔什', '牧师训练师', 18019),
(@Miles, 'zhTW', '麥爾斯·威爾許', '牧師訓練師', 18019),
(@Elissa, 'deDE', 'Elissa Dumas', 'Portallehrerin', 18019),
(@Elissa, 'esES', 'Elissa Dumas', 'Instructora de portal', 18019),
(@Elissa, 'esMX', 'Elissa Dumas', 'Instructora de portal', 18019),
(@Elissa, 'frFR', 'Elissa Dumas', 'MaŒtre des portails', 18019),
(@Elissa, 'koKR', '엘리사 뒤마', '순간이동 전문 마법사', 18019),
(@Elissa, 'ruRU', 'Элисса Дюма', 'Изучение порталов', 18019),
(@Elissa, 'zhCN', '埃莉萨·杜马斯', '传送门训练师', 18019),
(@Elissa, 'zhTW', '埃麗莎·仲馬', '傳送門訓練師', 18019),
(@Alexander, 'deDE', 'Alexander Calder', 'Hexenmeisterlehrer', 18019),
(@Alexander, 'esES', 'Alexander Calder', 'Instructor de brujos', 18019),
(@Alexander, 'esMX', 'Alexander Calder', 'Instructor de brujos', 18019),
(@Alexander, 'frFR', 'Alexander Calder', 'MaŒtre des d‚monistes', 18019),
(@Alexander, 'koKR', '알렉산더 칼더', '상급 흑마법사', 18019),
(@Alexander, 'ruRU', 'Александр Кальдер', 'Наставник чернокнижников', 18019),
(@Alexander, 'zhCN', '亚历山大·考德尔', '术士训练师', 18019),
(@Alexander, 'zhTW', '亞歷山大·考德爾', '術士訓練師', 18019),
(@Joanna, 'deDE', 'Joanna Weiáhall', '', 18019),
(@Joanna, 'esES', 'Joanna Whitehall', '', 18019),
(@Joanna, 'esMX', 'Joanna Whitehall', '', 18019),
(@Joanna, 'frFR', 'Joanna Blancmanoir', '', 18019),
(@Joanna, 'koKR', '조안나 화이트홀', '', 18019),
(@Joanna, 'ruRU', 'Джоанна Вайтхолл', '', 18019),
(@Joanna, 'zhCN', '乔安娜·怀特豪尔', '', 18019),
(@Joanna, 'zhTW', '瓊安娜·懷特豪爾', '', 18019),
(@Deze, 'deDE', 'Deze Schneefluch', 'Kampfmeisterin des Arathibeckens', 18019),
(@Deze, 'esES', 'Deze Delirion¡veo', 'Maestra de batalla de la Cuenca de Arathi', 18019),
(@Deze, 'esMX', 'Deze Delirion¡veo', 'Maestra de batalla de la Cuenca de Arathi', 18019),
(@Deze, 'frFR', 'Deze Plaie-des-neiges', 'MaŒtre de guerre du bassin Arathi', 18019),
(@Deze, 'koKR', '데제 스노우베인', '아라시 분지 전투모병관', 18019),
(@Deze, 'ruRU', 'Дези Холодная', 'Военачальник Низины Арати', 18019),
(@Deze, 'zhCN', '迪兹·斯诺班', '阿拉希盆地军官', 18019),
(@Deze, 'zhTW', '迪茲·斯諾班', '阿拉希盆地戰場軍官', 18019);

DELETE FROM `creature_template_model` WHERE `CreatureID` IN (@Zarena, @Miles, @Elissa, @Alexander, @Joanna, @Deze);
INSERT INTO `creature_template_model` (`CreatureID`, `Idx`, `CreatureDisplayID`, `DisplayScale`, `Probability`, `VerifiedBuild`) VALUES 
(@Zarena, 0, 4490, 1, 1, 12340),
(@Miles, 0, 2139, 1, 1, 12340),
(@Elissa, 0, 7669, 1, 1, 12340),
(@Alexander, 0, 3122, 1, 1, 12340),
(@Joanna, 0, 4052, 1, 1, 12340),
(@Deze, 0, 15112, 1, 1, 12340);

DELETE FROM `creature` WHERE `id1` IN (@Zarena, @Miles, @Elissa, @Alexander, @Joanna, @Deze);
INSERT INTO `creature` (`guid`, `id1`, `id2`, `id3`, `map`, `zoneId`, `areaId`, `spawnMask`, `phaseMask`, `equipment_id`, `position_x`, `position_y`, `position_z`, `orientation`, `spawntimesecs`, `wander_distance`, `currentwaypoint`, `curhealth`, `curmana`, `MovementType`, `npcflag`, `unit_flags`, `dynamicflags`, `ScriptName`, `VerifiedBuild`, `CreateObject`, `Comment`) VALUES
(602482, @Zarena, 0, 0, 0, 0, 0, 1, 1, 0, -14379.1, 412.672, 6.8203, 5.70723, 300, 0, 0, 2059, 0, 0, 0, 0, 0, '', 0, 0, NULL),
(603044, @Miles, 0, 0, 1, 0, 0, 1, 1, 1, -956.24, 252.418, 97.8755, 4.2237, 250, 0, 0, 1753, 0, 0, 0, 0, 0, '', 0, 0, NULL),
(604165, @Elissa, 0, 0, 1, 0, 0, 1, 1, 1, 9658.69, 2508.7, 1331.7, 2.25148, 300, 0, 0, 992, 2680, 0, 0, 0, 0, '', 0, 0, NULL),
(605173, @Alexander, 0, 0, 0, 0, 0, 1, 1, 1, -4608.55, -1109.55, 511.691, 1.69297, 490, 0, 0, 4120, 0, 0, 0, 0, 0, '', 0, 0, NULL),
(605698, @Joanna, 0, 0, 0, 0, 0, 1, 1, 1, 1653.56, 365.232, -60.6772, 0.977384, 300, 0, 0, 1753, 0, 0, 0, 0, 0, '', 0, 0, NULL),
(615006, @Deze, 0, 0, 1, 0, 0, 1, 1, 0, 2002.26, -4796.74, 56.8471, 3.00197, 600, 0, 0, 1, 0, 0, 0, 0, 0, '', NULL, 0, NULL);

DELETE FROM `creature_equip_template` WHERE `CreatureID` IN (@Miles, @Elissa, @Alexander, @Joanna, @Deze);
INSERT INTO `creature_equip_template` (`CreatureID`, `ID`, `ItemID1`, `ItemID2`, `ItemID3`, `VerifiedBuild`) VALUES
(@Miles, 1, 12786, 0, 0, 18019),
(@Elissa, 1, 2177, 0, 0, 18019),
(@Alexander, 1, 2559, 0, 0, 18019),
(@Joanna, 1, 2809, 0, 0, 18019),
(@Deze, 1, 10616, 19053, 0, 18019);

DELETE FROM `npc_vendor` WHERE `entry` IN (@Zarena);
INSERT INTO `npc_vendor` (`entry`, `slot`, `item`, `maxcount`, `incrtime`, `ExtendedCost`, `VerifiedBuild`) VALUES
(@Zarena, 0, 2520, 0, 0, 0, 0),
(@Zarena, 0, 2521, 0, 0, 0, 0),
(@Zarena, 0, 2522, 0, 0, 0, 0),
(@Zarena, 0, 2523, 0, 0, 0, 0),
(@Zarena, 0, 2524, 0, 0, 0, 0),
(@Zarena, 0, 2525, 0, 0, 0, 0),
(@Zarena, 0, 2526, 0, 0, 0, 0),
(@Zarena, 0, 2527, 0, 0, 0, 0),
(@Zarena, 0, 12163, 1, 7200, 0, 0),
(@Zarena, 0, 12251, 1, 3600, 0, 0),
(@Zarena, 0, 12252, 1, 43200, 0, 0);

DELETE FROM `battlemaster_entry` WHERE `entry` = @Deze;
INSERT INTO `battlemaster_entry` (`entry`, `bg_template`) VALUES (@Deze, 3);


/*-- OBJECTS --*/

DELETE FROM `gameobject` WHERE `id` IN (181154, 181172, 181215, 181223, 181227, 181254, 181255, 181256, 181373, 181374, 190604, 190609, 190610);
INSERT INTO `gameobject` (`guid`, `id`, `map`, `zoneId`, `areaId`, `spawnMask`, `phaseMask`, `position_x`, `position_y`, `position_z`, `orientation`, 
`rotation0`, `rotation1`, `rotation2`, `rotation3`, `spawntimesecs`, `animprogress`, `state`, `VerifiedBuild`) VALUES
-- Necropolis City
(@OGUID, 181172, 0, 1519, 1519, 1, 1, -9159.76953125, 345.552093505859375, 156.4009552001953125, 3.560472726821899414, 0, 0, -0.97814750671386718, 0.207912087440490722, 120, 255, 1, 46248),   -- Stormwind
(@OGUID+1, 181172, 0, 1537, 1537, 1, 1, -5122.8037109375, -725, 505.466796875, 0.034906249493360519, 0, 0, 0.017452239990234375, 0.999847710132598876, 120, 255, 1, 46248),                     -- Ironforge
(@OGUID+2, 181172, 1, 1657, 0, 1, 1, 9972.625, 1993.2760009765625, 1406.1517333984375, 4.345870018005371093, 0, 0, -0.82412624359130859, 0.566406130790710449, 120, 255, 1, 46248),             -- Darnassus
(@OGUID+3, 181172, 1, 1637, 1637, 1, 1, 1085.60595703125, -4346.095703125, 88.066192626953125, 3.804818391799926757, 0, 0, -0.94551849365234375, 0.325568377971649169, 120, 255, 1, 46248),     -- Orgrimmar
(@OGUID+4, 181172, 0, 85, 159, 1, 1, 1869.017333984375, 266.873260498046875, 114.8150634765625, 0.541050612926483154, 0, 0, 0.267237663269042968, 0.96363067626953125, 120, 255, 1, 46248),     -- Undercity
(@OGUID+5, 181172, 1, 1638, 1638, 1, 1, -1511.828125, 101.7222213745117187, 108.5687103271484375, 1.832594871520996093, 0, 0, 0.793353080749511718, 0.608761727809906005, 120, 255, 1, 46248),  -- Thunder Bluff
-- (@OGUID+6, 181172, 530, 3524, 0, 1, 1, -4077.8564453125, -12036.9033203125, 125.0732421875, 3.560472726821899414, 0, 0, -0.97814750671386718, 0.207912087440490722, 120, 255, 1, 46248),        -- Exodar
-- (@OGUID+7, 181172, 530, 3430, 3430, 1, 1, 9291.169921875, -7293.32373046875, 133.3386993408203125, 3.124123096466064453, 0, 0, 0.99996185302734375, 0.008734640665352344, 120, 255, 1, 46248),  -- Silvermoon City
-- Necropolis
(@OGUID+8, 181154, 0, 139, 2268, 1, 1, 2101.685791015625, -4930.03271484375, 168.280731201171875, 1.047197580337524414, 0, 0, 0.5, 0.866025388240814208, 120, 255, 1, 46248),
(@OGUID+9, 181154, 0, 139, 0, 1, 1, 1766.673583984375, -3033.34375, 132.804443359375, 5.183629035949707031, 0, 0, -0.52249813079833984, 0.852640450000762939, 120, 255, 1, 46248),
(@OGUID+10, 181154, 0, 46, 250, 1, 1, -7733.71533203125, -2432.741455078125, 190.785552978515625, 2.67034769058227539, 0, 0, 0.972369194030761718, 0.233448356389999389, 120, 255, 1, 46248),
(@OGUID+11, 181154, 0, 46, 0, 1, 1, -8232.78125, -1099.85595703125, 201.48846435546875, 5.183629035949707031, 0, 0, -0.52249813079833984, 0.852640450000762939, 120, 255, 1, 46248),
(@OGUID+12, 181154, 1, 16, 878, 1, 1, 3299.553955078125, -4301.30029296875, 177.8075714111328125, 5.811946868896484375, 0, 0, -0.2334451675415039, 0.972369968891143798, 120, 255, 1, 46248),
(@OGUID+13, 181154, 1, 16, 1221, 1, 1, 3544.9775390625, -5610.2587890625, 67.1126861572265625, 2.827429771423339843, 0, 0, 0.987688064575195312, 0.156436234712600708, 120, 255, 1, 46248),
(@OGUID+14, 181215, 1, 440, 0, 1, 1, -7399.953125, -3733.060791015625, 61.05036163330078125, 5.811946868896484375, 0, 0, -0.2334451675415039, 0.972369968891143798, 120, 255, 1, 46248),
(@OGUID+15, 181215, 1, 440, 1939, 1, 1, -8333.6806640625, -3966.395751953125, 77.8482666015625, 1.378809213638305664, 0, 0, 0.636077880859375, 0.771624863147735595, 120, 255, 1, 46248),
(@OGUID+16, 181215, 1, 440, 983, 1, 1, -8633.2119140625, -2499.8212890625, 114.0166397094726562, 2.827429771423339843, 0, 0, 0.987688064575195312, 0.156436234712600708, 120, 255, 1, 46248),
(@OGUID+17, 181223, 0, 4, 1438, 1, 1, -11402.095703125, -3316.55029296875, 111.1883392333984375, 4.468043327331542968, 0, 0, -0.7880105972290039, 0.615661680698394775, 120, 255, 1, 46248),
(@OGUID+18, 181223, 1, 618, 0, 1, 1, 7755.751953125, -4030.913330078125, 786.49627685546875, 0.471238493919372558, 0, 0, 0.233445167541503906, 0.972369968891143798, 120, 255, 1, 46248),
(@OGUID+19, 181223, 1, 618, 0, 1, 1, 6646.68603515625, -3442.364501953125, 792.91644287109375, 4.869470596313476562, 0, 0, -0.64944744110107421, 0.760406434535980224, 120, 255, 1, 46248),
(@OGUID+20, 181373, 1, 618, 2250, 1, 1, 6184.28125, -4913.3193359375, 807.67633056640625, 6.09120035171508789, 0, 0, -0.09584522247314453, 0.995396256446838378, 120, 255, 1, 46248),
(@OGUID+21, 181374, 0, 4, 1438, 1, 1, -11233.9111328125, -2841.7744140625, 185.6030731201171875, 4.45059061050415039, 0, 0, -0.79335308074951171, 0.608761727809906005, 120, 255, 1, 46248),
-- Scourge Circles
(@OGUID+22, 181227, 0, 0, 0, 1, 1, -9183.83, 416.188, 89.9123, 0.401425, 0, 0, 0.199367, 0.979925, 120, 100, 1, 0),
(@OGUID+23, 181227, 1, 0, 0, 1, 1, 9948.02, 1932.39, 1328.69, 3.68265, 0, 0, -0.96363, 0.267241, 120, 100, 1, 0),
(@OGUID+24, 181227, 1, 0, 0, 1, 1, 9914.18, 1864.66, 1321.26, 2.91469, 0, 0, 0.993571, 0.113208, 120, 100, 1, 0),
(@OGUID+25, 181227, 1, 0, 0, 1, 1, -1545.47, 51.2859, 5.39412, 0.628317, 0, 0, 0.309016, 0.951057, 120, 100, 1, 0),
(@OGUID+26, 181227, 0, 0, 0, 1, 1, 1980.01, 305.231, 41.1893, 0.436332, 0, 0, 0.216439, 0.976296, 120, 100, 1, 0),
(@OGUID+27, 181227, 1, 0, 0, 1, 1, 1217.81, -4339.42, 20.8739, 4.01426, 0, 0, -0.906307, 0.422619, 120, 100, 1, 0),
(@OGUID+28, 181227, 1, 0, 0, 1, 1, 1169.62, -4320.03, 20.8739, 0.575957, 0, 0, 0.284015, 0.95882, 120, 100, 1, 0),
(@OGUID+29, 181227, 0, 0, 0, 1, 1, -9061.46, 349.666, 93.1098, 4.57276, 0, 0, -0.754709, 0.656059, 120, 100, 1, 0),
(@OGUID+30, 181227, 0, 0, 0, 1, 1, -5175.25, -588.093, 397.984, 2.51327, 0, 0, 0.951056, 0.309017, 120, 100, 1, 0),
(@OGUID+31, 181227, 0, 0, 0, 1, 1, -9218.1, 318.785, 73.865, 3.01941, 0, 0, 0.998135, 0.0610518, 120, 100, 1, 0),
(@OGUID+32, 181227, 0, 0, 0, 1, 1, -5163.2, -645.852, 396.992, 0.0523589, 0, 0, 0.0261765, 0.999657, 120, 100, 1, 0),
(@OGUID+33, 181227, 0, 0, 0, 1, 1, -9118.92, 330.1, 93.198, 3.00195, 0, 0, 0.997563, 0.0697661, 120, 100, 1, 0),
 -- Argent Dawn Buffer Tent
(@OGUID+34, 181254, 0, 0, 0, 1, 1, -4926.4, -986.524, 501.455, 2.23402, 0, 0, 0.898793, 0.438373, 120, 100, 1, 0),
(@OGUID+35, 181254, 0, 0, 0, 1, 1, -4891.02, -951.788, 501.468, 2.61756, 0, 0, 0.96587, 0.259028, 120, 100, 1, 0),
(@OGUID+36, 181254, 1, 0, 0, 1, 1, 1587.87, -4417.88, 8.70726, 3.29869, 0, 0, -0.996917, 0.0784664, 120, 100, 1, 0),
(@OGUID+37, 181254, 1, 0, 0, 1, 1, -1277.02, 73.3942, 127.804, 6.0906, 0, 0, 0.67559, 0.737278, 120, 100, 1, 0),
(@OGUID+38, 181254, 1, 0, 0, 1, 1, 9921.07, 2521.54, 1318.1, 3.42085, 0, 0, -0.990268, 0.139175, 120, 100, 1, 0),
(@OGUID+39, 181254, 0, 0, 0, 1, 1, -8828.51, 644.644, 94.479, 3.71755, 0, 0, -0.958819, 0.284016, 120, 100, 1, 0),
(@OGUID+40, 181254, 0, 0, 0, 1, 1, 1583.41, 240.46, -62.0773, 3.03684, 0, 0, 0.998629, 0.0523532, 120, 100, 1, 0),
(@OGUID+41, 181254, 0, 0, 0, 1, 1, 2243.86, -5321.14, 82.1673, 1.48353, 0, 0, 0.67559, 0.737278, 120, 100, 1, 0),
-- (@OGUID+42, 181254, 530, 0, 0, 1, 1, 9522.53, -7353.31, 14.3144, 1.85005, 0, 0, 0.798635, 0.601815, 120, 255, 1, 49345),
-- Argent Dawn Buffer Crate
(@OGUID+43, 181255, 1, 0, 0, 1, 1, 9920.94, 2525.91, 1318.96, 1.23918, 0, 0, 0.580703, 0.814116, 120, 100, 1, 0),
(@OGUID+44, 181255, 1, 0, 0, 1, 1, 9920.85, 2526.06, 1318.47, 0.977383, 0, 0, 0.469471, 0.882948, 120, 100, 1, 0),
(@OGUID+45, 181255, 1, 0, 0, 1, 1, -1278.58, 78.1475, 129.083, 1.41372, 0, 0, 0.649447, 0.760406, 120, 100, 1, 0),
(@OGUID+46, 181255, 1, 0, 0, 1, 1, -1278.58, 78.1475, 128.517, 1.25664, 0, 0, 0.587785, 0.809017, 120, 100, 1, 0),
(@OGUID+47, 181255, 1, 0, 0, 1, 1, 1587.94, -4413.6, 8.88919, 2.86233, 0, 0, 0.990268, 0.139175, 120, 100, 1, 0),
(@OGUID+48, 181255, 1, 0, 0, 1, 1, 1588.21, -4413.59, 8.40226, 6.26573, 0, 0, -0.00872612, 0.999962, 120, 100, 1, 0),
(@OGUID+49, 181255, 0, 0, 0, 1, 1, -4894.13, -954.969, 501.461, 2.47793, 0, 0, 0.945448, 0.325773, 120, 100, 1, 0),
(@OGUID+50, 181255, 0, 0, 0, 1, 1, -4894.36, -954.946, 501.907, 2.63501, 0, 0, 0.968093, 0.250591, 120, 100, 1, 0),
(@OGUID+51, 181255, 0, 0, 0, 1, 1, -8824.93, 644.94, 94.3843, 1.95477, 0, 0, 0.829038, 0.559193, 120, 100, 1, 0),
(@OGUID+52, 181255, 0, 0, 0, 1, 1, 1582.24, 236.144, -62.0773, 0.087266, 0, 0, 0.0436192, 0.999048, 120, 100, 1, 0),
(@OGUID+53, 181255, 0, 0, 0, 1, 1, -4930.68, -988.202, 501.907, 2.25147, 0, 0, 0.902585, 0.430512, 120, 100, 1, 0),
(@OGUID+54, 181255, 0, 0, 0, 1, 1, -4930.49, -988.305, 501.455, 2.09439, 0, 0, 0.866025, 0.500001, 120, 100, 1, 0),
(@OGUID+55, 181255, 0, 0, 0, 1, 1, 1582.52, 236.04, -62.0773, 3.35105, 0, 0, -0.994521, 0.104535, 120, 100, 1, 0),
(@OGUID+56, 181255, 0, 0, 0, 1, 1, -8824.84, 644.905, 94.8185, 5.51524, 0, 0, -0.374606, 0.927184, 120, 100, 1, 0),
-- (@OGUID+57, 181255, 530, 0, 0, 1, 1, 9521.12, -7354.53, 14.768, 3.21142, 0, 0, -0.999391, 0.0349061, 120, 255, 1, 49345),
-- (@OGUID+58, 181255, 530, 0, 0, 1, 1, 9521.24, -7354.58, 14.3094, 0.261798, 0, 0, 0.130526, 0.991445, 120, 255, 1, 49345),
 -- Argent Dawn Banner
(@OGUID+59, 181256, 0, 0, 0, 1, 1, 1582.02, 244.991, -62.0773, 2.19912, 0, 0, 0.891007, 0.453991, 120, 100, 1, 0),
(@OGUID+60, 181256, 0, 0, 0, 1, 1, 1580.11, 236.901, -62.0773, 3.6652, 0, 0, -0.965925, 0.258821, 120, 100, 1, 0),
(@OGUID+61, 181256, 1, 0, 0, 1, 1, -1274.04, 76.5484, 128.201, 0.872664, 0, 0, 0.422618, 0.906308, 120, 100, 1, 0),
(@OGUID+62, 181256, 1, 0, 0, 1, 1, -1275.52, 67.3279, 128.094, 4.51824, 0, 0, 0.861628, 0.507539, 120, 100, 1, 0),
(@OGUID+63, 181256, 1, 0, 0, 1, 1, 9918.63, 2525.05, 1317.79, 2.51327, 0, 0, 0.951056, 0.309017, 120, 100, 1, 0),
(@OGUID+64, 181256, 1, 0, 0, 1, 1, 1586.84, -4422.45, 8.26005, 3.22886, 0, 0, -0.999048, 0.0436193, 120, 100, 1, 0),
(@OGUID+65, 181256, 0, 0, 1, 1, 1, 1585.44, -4414.01, 8.08963, 3.3685, 0, 0, -0.993571, 0.113208, 120, 100, 1, 0),
(@OGUID+66, 181256, 0, 0, 1, 1, 1, -8833.52, 645.745, 95.3211, 3.90954, 0, 0, -0.927183, 0.374608, 120, 100, 1, 0),
(@OGUID+67, 181256, 0, 0, 0, 1, 1, -8829.5, 640.266, 94.3804, 3.71755, 0, 0, -0.958819, 0.284016, 120, 100, 1, 0),
(@OGUID+68, 181256, 0, 0, 0, 1, 1, -4891.85, -947.068, 501.468, 2.5652, 0, 0, 0.958758, 0.284223, 120, 100, 1, 0),
(@OGUID+69, 181256, 0, 0, 0, 1, 1, -4895.76, -953.432, 501.465, 2.61756, 0, 0, 0.96587, 0.259028, 120, 100, 1, 0),
(@OGUID+70, 181256, 0, 0, 0, 1, 1, -4925.42, -981.831, 501.466, 2.18166, 0, 0, 0.887011, 0.461749, 120, 100, 1, 0),
(@OGUID+71, 181256, 0, 0, 0, 1, 1, -4931.42, -986.271, 501.462, 2.23402, 0, 0, 0.898793, 0.438373, 120, 100, 1, 0),
(@OGUID+72, 181256, 1, 0, 0, 1, 1, 9920.85, 2516.86, 1317.96, 4.10152, 0, 0, -0.887011, 0.461749, 120, 100, 1, 0),
(@OGUID+73, 181256, 0, 0, 0, 1, 1, 2238.91, -5318.67, 82.1523, 1.55334, 0, 0, 0.700909, 0.713251, 120, 100, 1, 0),
(@OGUID+74, 181256, 0, 0, 0, 1, 1, 2248.47, -5318.94, 82.1143, 1.5708, 0, 0, 0.707107, 0.707107, 120, 100, 1, 0),
-- (@OGUID+75, 181256, 530, 0, 0, 1, 1, 9516.47, -7352.04, 14.3238, 1.83259, 0, 0, 0.793353, 0.608762, 120, 255, 1, 49345),
-- (@OGUID+76, 181256, 530, 0, 0, 1, 1, 9526.62, -7349.03, 14.3236, 1.81514, 0, 0, 0.788011, 0.615662, 120, 255, 1, 49345),
-- Scourge Circles at Necrotic Shards
(@OGUID+80, 181227, 0, 0, 0, 1, 1, -11183.3, -2985.49, 8.22008, 0.0105759, 0, 0, 0, 0, 120, 100, 1, 0),
(@OGUID+81, 181227, 0, 0, 0, 1, 1, -11027, -2784.69, 4.45958, 0.120533, 0, 0, 0, 0, 120, 100, 1, 0),
(@OGUID+82, 181227, 0, 0, 0, 1, 1, -11428.9, -2817.38, 0.400971, 0.0498445, 0, 0, 0, 0, 120, 100, 1, 0),
(@OGUID+83, 181227, 0, 0, 0, 1, 1, -11335.1, -3152.41, 6.70907, 0.120527, 0, 0, 0, 0, 120, 100, 1, 0),
(@OGUID+84, 181227, 0, 0, 0, 1, 1, -11250.1, -3345.52, 9.37404, 0.151919, 0, 0, 0, 0, 120, 100, 1, 0),
(@OGUID+85, 181227, 0, 0, 0, 1, 1, -11536.4, -3285.28, 8.95756, 6.21914, 0, 0, 0, 0, 120, 100, 1, 0),
(@OGUID+86, 181227, 1, 0, 0, 1, 1, -7245.77, -3545.09, 13.5838, 0.0139582, 0, 0, 0, 0, 120, 100, 1, 0),
(@OGUID+87, 181227, 1, 0, 0, 1, 1, -7328.72, -3973.92, 11.6769, 6.19504, 0, 0, 0, 0, 120, 100, 1, 0),
(@OGUID+88, 181227, 1, 0, 0, 1, 1, -7632.49, -3741.94, 21.1372, 0.0296614, 0, 0, 0, 0, 120, 100, 1, 0),
(@OGUID+89, 181227, 1, 0, 0, 1, 1, -8166.66, -3809.78, 15.0426, 0.149923, 0, 0, 0, 0, 120, 100, 1, 0),
(@OGUID+90, 181227, 1, 0, 0, 1, 1, -8502.24, -3827.75, 23.3705, 6.03021, 0, 0, 0, 0, 120, 100, 1, 0),
(@OGUID+91, 181227, 1, 0, 0, 1, 1, -8341.47, -4209.24, 13.1848, 0.210404, 0, 0, 0, 0, 120, 100, 1, 0),
(@OGUID+92, 181227, 1, 0, 0, 1, 1, -8535.1, -2303.86, 29.0594, 1.65162, 0, 0, 0, 0, 120, 100, 1, 0),
(@OGUID+93, 181227, 1, 0, 0, 1, 1, -8534.01, -2706.51, 19.9498, 5.97917, 0, 0, 0, 0, 120, 100, 1, 0),
(@OGUID+94, 181227, 1, 0, 0, 1, 1, -8828.01, -2605.84, 22.5, 1.73805, 0, 0, 0, 0, 120, 100, 1, 0),
(@OGUID+95, 181227, 1, 0, 0, 1, 1, 6279.14, -4775.33, 756.56, 6.18776, 0, 0, 0, 0, 120, 100, 1, 0),
(@OGUID+96, 181227, 1, 0, 0, 1, 1, 6037.82, -4767.76, 794.563, 6.22706, 0, 0, 0, 0, 120, 100, 1, 0),
(@OGUID+97, 181227, 1, 0, 0, 1, 1, 6089.27, -5049.38, 794.436, 6.05819, 0, 0, 0, 0, 120, 100, 1, 0),
(@OGUID+98, 181227, 1, 0, 0, 1, 1, 6786.42, -3600, 717.201, 6.26081, 0, 0, 0, 0, 120, 100, 1, 0),
(@OGUID+99, 181227, 1, 0, 0, 1, 1, 6740.59, -3350.17, 688.127, 0.0836567, 0, 0, 0, 0, 120, 100, 1, 0),
(@OGUID+100, 181227, 1, 0, 0, 1, 1, 6537.6, -3494.2, 643.377, 0.0365412, 0, 0, 0, 0, 120, 100, 1, 0),
(@OGUID+101, 181227, 1, 0, 0, 1, 1, 7936.67, -3867.96, 695.473, 6.21632, 0, 0, 0, 0, 120, 100, 1, 0),
(@OGUID+102, 181227, 1, 0, 0, 1, 1, 7690.48, -3868.19, 686.478, 6.27915, 0, 0, 0, 0, 120, 100, 1, 0),
(@OGUID+103, 181227, 1, 0, 0, 1, 1, 7823.39, -4214.1, 675.004, 6.2831, 0, 0, 0, 0, 120, 100, 1, 0),
(@OGUID+104, 181227, 1, 0, 0, 1, 1, 3515.43, -4149.34, 106.829, 0.0640161, 0, 0, 0, 0, 120, 100, 1, 0),
(@OGUID+105, 181227, 1, 0, 0, 1, 1, 3082.34, -4221.49, 96.8079, 6.26473, 0, 0, 0, 0, 120, 100, 1, 0),
(@OGUID+106, 181227, 1, 0, 0, 1, 1, 3339.13, -4524.28, 98.036, 0.225009, 0, 0, 0, 0, 120, 100, 1, 0),
(@OGUID+107, 181227, 1, 0, 0, 1, 1, 3664.72, -5539.18, 19.8522, 6.1901, 0, 0, 0, 0, 120, 100, 1, 0),
(@OGUID+108, 181227, 1, 0, 0, 1, 1, 3360.41, -5569.45, 10.587, 0.052212, 0, 0, 0, 0, 120, 100, 1, 0),
(@OGUID+109, 181227, 1, 0, 0, 1, 1, 3515.77, -5711.01, 4.73716, 6.22545, 0, 0, 0, 0, 120, 100, 1, 0),
(@OGUID+110, 181227, 0, 0, 0, 1, 1, -7722.25, -2234.68, 136.647, 6.20495, 0, 0, 0, 0, 120, 100, 1, 0),
(@OGUID+111, 181227, 0, 0, 0, 1, 1, -7593.51, -2592.69, 137.623, 6.26386, 0, 0, 0, 0, 120, 100, 1, 0),
(@OGUID+112, 181227, 0, 0, 0, 1, 1, -7984.3, -2434.14, 130.307, 6.16176, 0, 0, 0, 0, 120, 100, 1, 0),
(@OGUID+113, 181227, 0, 0, 0, 1, 1, -8028.92, -1000.55, 122.648, 0.00813007, 0, 0, 0, 0, 120, 100, 1, 0),
(@OGUID+114, 181227, 0, 0, 0, 1, 1, -8362.69, -976.306, 187.089, 0.0984673, 0, 0, 0, 0, 120, 100, 1, 0),
(@OGUID+115, 181227, 0, 0, 0, 1, 1, -8401.13, -1204.99, 187.317, 5.89863, 0, 0, 0, 0, 120, 100, 1, 0);


/*-- CREATURES --*/

DELETE FROM `creature` WHERE `id1` IN (16136, 16230, 16241, 16255, 16281, 16285, 16359, 16361, 
16422, 16423, 16437, 16438, 16478, 16484, 16490, 16493, 16494, 16495, 16786, 16787, 16995, 29441, 29442);

INSERT INTO `creature` (`guid`, `id1`, `id2`, `id3`, `map`, `zoneId`, `areaId`, `spawnMask`, `phaseMask`, `equipment_id`, `position_x`, `position_y`, `position_z`, `orientation`, `spawntimesecs`, `wander_distance`, `currentwaypoint`, `curhealth`, `curmana`, `MovementType`, `npcflag`, `unit_flags`, `dynamicflags`, `ScriptName`, `VerifiedBuild`, `CreateObject`, `Comment`) VALUES
-- Skeletal Soldier
(@CGUID, 16422, 0, 0, 0, 0, 0, 1, 1, 0, -9225.41, 354.81, 73.3402, 0.366519, 120, 3, 0, 152, 0, 1, 0, 0, 0, '', 0, 0, NULL),
(@CGUID+1, 16422, 0, 0, 0, 0, 0, 1, 1, 0, -9226.52, 257.796, 72.3674, 5.27089, 120, 3, 0, 152, 0, 1, 0, 0, 0, '', 0, 0, NULL),
(@CGUID+2, 16422, 0, 0, 0, 0, 0, 1, 1, 0, -9223.56, 323.409, 73.3968, 2.61799, 120, 3, 0, 152, 0, 1, 0, 0, 0, '', 0, 0, NULL),
(@CGUID+3, 16422, 0, 0, 0, 0, 0, 1, 1, 0, -9214.36, 360.779, 72.6132, 2.03618, 120, 3, 0, 152, 0, 1, 0, 0, 0, '', 0, 0, NULL),
(@CGUID+4, 16422, 0, 0, 0, 0, 0, 1, 1, 0, -9209.55, 353.762, 73.849, 1.23918, 120, 3, 0, 152, 0, 1, 0, 0, 0, '', 0, 0, NULL),
(@CGUID+5, 16422, 0, 0, 0, 0, 0, 1, 1, 0, -9208.3, 324.625, 73.6151, 3.94444, 120, 3, 0, 152, 0, 1, 0, 0, 0, '', 0, 0, NULL),
(@CGUID+6, 16422, 0, 0, 0, 0, 0, 1, 1, 0, -9207.19, 255.207, 73.9707, 4.55531, 120, 3, 0, 152, 0, 1, 0, 0, 0, '', 0, 0, NULL),
(@CGUID+7, 16422, 0, 0, 0, 0, 0, 1, 1, 0, -9206.37, 426.964, 89.4854, 4.14536, 120, 3, 0, 152, 0, 1, 0, 0, 0, '', 0, 0, NULL),
(@CGUID+8, 16422, 0, 0, 0, 0, 0, 1, 1, 0, -9190.32, 424.626, 91.5562, 4.03192, 120, 3, 0, 152, 0, 1, 0, 0, 0, '', 0, 0, NULL),
(@CGUID+9, 16422, 0, 0, 0, 0, 0, 1, 1, 0, -9172.39, 408.574, 89.669, 0.600246, 120, 3, 0, 152, 0, 1, 0, 0, 0, '', 0, 0, NULL),
(@CGUID+10, 16422, 0, 0, 0, 0, 0, 1, 1, 0, -9156.01, 408.665, 92.177, 4.84357, 120, 3, 0, 152, 0, 1, 0, 0, 0, '', 0, 0, NULL),
(@CGUID+11, 16422, 0, 0, 0, 0, 0, 1, 1, 0, -9153.97, 408.422, 92.5331, 2.76085, 120, 3, 0, 152, 0, 1, 0, 0, 0, '', 0, 0, NULL),
(@CGUID+12, 16422, 0, 0, 0, 0, 0, 1, 1, 0, -9139.32, 340.707, 92.0264, 1.01229, 120, 3, 0, 152, 0, 1, 0, 0, 0, '', 0, 0, NULL),
(@CGUID+13, 16422, 0, 0, 0, 0, 0, 1, 1, 0, -9123.93, 308.548, 93.2522, 4.09884, 120, 3, 0, 152, 0, 1, 0, 0, 0, '', 0, 0, NULL),
(@CGUID+14, 16422, 0, 0, 0, 0, 0, 1, 1, 0, -9109.42, 357.807, 93.6503, 2.70421, 120, 3, 0, 152, 0, 1, 0, 0, 0, '', 0, 0, NULL),
(@CGUID+15, 16422, 0, 0, 0, 0, 0, 1, 1, 0, -9108.85, 325.219, 93.3783, 4.01843, 120, 3, 0, 152, 0, 1, 0, 0, 0, '', 0, 0, NULL),
(@CGUID+16, 16422, 0, 0, 0, 0, 0, 1, 1, 0, -9110.32, 341.523, 93.5801, 0.0180196, 120, 3, 0, 152, 0, 1, 0, 0, 0, '', 0, 0, NULL),
(@CGUID+17, 16422, 0, 0, 0, 0, 0, 1, 1, 0, -9094.11, 308.377, 94.9155, 2.21233, 120, 3, 0, 152, 0, 1, 0, 0, 0, '', 0, 0, NULL),
(@CGUID+18, 16422, 0, 0, 0, 0, 0, 1, 1, 0, -9076.53, 355.622, 94.0187, 4.85548, 120, 3, 0, 152, 0, 1, 0, 0, 0, '', 0, 0, NULL),
(@CGUID+19, 16422, 0, 0, 0, 0, 0, 1, 1, 0, -9074.97, 304.922, 92.7926, 1.58089, 120, 3, 0, 152, 0, 1, 0, 0, 0, '', 0, 0, NULL),
(@CGUID+20, 16422, 0, 0, 0, 0, 0, 1, 1, 0, -9073.69, 339.895, 93.1489, 1.05052, 120, 3, 0, 152, 0, 1, 0, 0, 0, '', 0, 0, NULL),
(@CGUID+21, 16422, 0, 0, 0, 0, 0, 1, 1, 0, -9066.52, 324.993, 93.4538, 1.60096, 120, 3, 0, 152, 0, 1, 0, 0, 0, '', 0, 0, NULL),
(@CGUID+22, 16422, 0, 0, 0, 0, 0, 1, 1, 0, -9060.14, 340.087, 93.8768, 2.11632, 120, 3, 0, 152, 0, 1, 0, 0, 0, '', 0, 0, NULL),
(@CGUID+23, 16422, 0, 0, 0, 0, 0, 1, 1, 0, 1958.5, 307.881, 40.707, 1.94406, 120, 3, 0, 152, 0, 1, 0, 0, 0, '', 0, 0, NULL),
(@CGUID+24, 16422, 0, 0, 0, 0, 0, 1, 1, 0, 1974.25, 341.438, 41.4593, 1.05711, 120, 3, 0, 152, 0, 1, 0, 0, 0, '', 0, 0, NULL),
(@CGUID+25, 16422, 0, 0, 0, 0, 0, 1, 1, 0, 1977.65, 323.949, 39.8178, 2.22497, 120, 3, 0, 152, 0, 1, 0, 0, 0, '', 0, 0, NULL),
(@CGUID+26, 16422, 0, 0, 0, 0, 0, 1, 1, 0, 1992.23, 291.987, 45.7473, 4.00686, 120, 3, 0, 152, 0, 1, 0, 0, 0, '', 0, 0, NULL),
(@CGUID+27, 16422, 0, 0, 0, 0, 0, 1, 1, 0, 2009.02, 309.944, 44.3937, 4.32473, 120, 3, 0, 152, 0, 1, 0, 0, 0, '', 0, 0, NULL),
(@CGUID+28, 16422, 0, 0, 0, 0, 0, 1, 1, 0, 2007.28, 277.22, 47.5046, 1.14734, 120, 3, 0, 152, 0, 1, 0, 0, 0, '', 0, 0, NULL),
(@CGUID+29, 16422, 0, 0, 0, 0, 0, 1, 1, 0, 2011.66, 322.469, 43.3085, 1.44862, 120, 3, 0, 152, 0, 1, 0, 0, 0, '', 0, 0, NULL),
(@CGUID+30, 16422, 0, 0, 0, 0, 0, 1, 1, 0, 2011.09, 343.75, 41.5145, 1.23853, 120, 3, 0, 152, 0, 1, 0, 0, 0, '', 0, 0, NULL),
(@CGUID+31, 16422, 0, 0, 0, 0, 0, 1, 1, 0, 2025.8, 310.15, 48.1345, 3.89455, 120, 3, 0, 152, 0, 1, 0, 0, 0, '', 0, 0, NULL),
(@CGUID+32, 16422, 0, 0, 0, 0, 0, 1, 1, 0, 2025.08, 293.85, 50.4982, 3.73421, 120, 3, 0, 152, 0, 1, 0, 0, 0, '', 0, 0, NULL),
-- Spectral Apparition
(@CGUID+33, 16423, 0, 0, 0, 0, 0, 1, 1, 0, -9241.08, 322.691, 74.4411, 3.57792, 120, 3, 0, 152, 0, 1, 0, 0, 0, '', 0, 0, NULL),
(@CGUID+34, 16423, 0, 0, 0, 0, 0, 1, 1, 0, -9226.37, 306.575, 74.5378, 2.75762, 120, 3, 0, 152, 0, 1, 0, 0, 0, '', 0, 0, NULL),
(@CGUID+35, 16423, 0, 0, 0, 0, 0, 1, 1, 0, -9225.49, 373.623, 73.1641, 5.89921, 120, 3, 0, 152, 0, 1, 0, 0, 0, '', 0, 0, NULL),
(@CGUID+36, 16423, 0, 0, 0, 0, 0, 1, 1, 0, -9222.97, 409.064, 86.3431, 4.76326, 120, 3, 0, 152, 0, 1, 0, 0, 0, '', 0, 0, NULL),
(@CGUID+37, 16423, 0, 0, 0, 0, 0, 1, 1, 0, -9223.56, 339.456, 73.8513, 4.71239, 120, 3, 0, 152, 0, 1, 0, 0, 0, '', 0, 0, NULL),
(@CGUID+38, 16423, 0, 0, 0, 0, 0, 1, 1, 0, -9219.44, 365.277, 72.2192, 5.93848, 120, 3, 0, 152, 0, 1, 0, 0, 0, '', 0, 0, NULL),
(@CGUID+39, 16423, 0, 0, 0, 0, 0, 1, 1, 0, -9208.61, 307.017, 74.7344, 2.75762, 120, 3, 0, 152, 0, 1, 0, 0, 0, '', 0, 0, NULL),
(@CGUID+40, 16423, 0, 0, 0, 0, 0, 1, 1, 0, -9207.78, 339.332, 72.7628, 3.07178, 120, 3, 0, 152, 0, 1, 0, 0, 0, '', 0, 0, NULL),
(@CGUID+41, 16423, 0, 0, 0, 0, 0, 1, 1, 0, -9192.88, 357.69, 75.1755, 0.0872665, 120, 3, 0, 152, 0, 1, 0, 0, 0, '', 0, 0, NULL),
(@CGUID+42, 16423, 0, 0, 0, 0, 0, 1, 1, 0, -9190.56, 374.964, 74.6175, 5.61996, 120, 3, 0, 152, 0, 1, 0, 0, 0, '', 0, 0, NULL),
(@CGUID+43, 16423, 0, 0, 0, 0, 0, 1, 1, 0, -9173.54, 393.35, 85.455, 3.99305, 120, 3, 0, 152, 0, 1, 0, 0, 0, '', 0, 0, NULL),
(@CGUID+44, 16423, 0, 0, 0, 0, 0, 1, 1, 0, -9126.39, 325.608, 93.5681, 5.57384, 120, 3, 0, 152, 0, 1, 0, 0, 0, '', 0, 0, NULL),
(@CGUID+45, 16423, 0, 0, 0, 0, 0, 1, 1, 0, -9127.29, 339.268, 93.9964, 1.05193, 120, 3, 0, 152, 0, 1, 0, 0, 0, '', 0, 0, NULL),
(@CGUID+46, 16423, 0, 0, 0, 0, 0, 1, 1, 0, -9125.72, 356.334, 93.168, 3.68107, 120, 3, 0, 152, 0, 1, 0, 0, 0, '', 0, 0, NULL),
(@CGUID+47, 16423, 0, 0, 0, 0, 0, 1, 1, 0, -9108.16, 308.57, 93.9508, 5.85173, 120, 3, 0, 152, 0, 1, 0, 0, 0, '', 0, 0, NULL),
(@CGUID+48, 16423, 0, 0, 0, 0, 0, 1, 1, 0, -9091.68, 341.222, 94.2467, 4.92252, 120, 3, 0, 152, 0, 1, 0, 0, 0, '', 0, 0, NULL),
(@CGUID+49, 16423, 0, 0, 0, 0, 0, 1, 1, 0, -9091.55, 326.751, 94.2161, 0.877631, 120, 3, 0, 152, 0, 1, 0, 0, 0, '', 0, 0, NULL),
(@CGUID+50, 16423, 0, 0, 0, 0, 0, 1, 1, 0, -9059.74, 357.756, 93.1185, 0.0629808, 120, 3, 0, 152, 0, 1, 0, 0, 0, '', 0, 0, NULL),
(@CGUID+51, 16423, 0, 0, 0, 0, 0, 1, 1, 0, -9047.96, 339.823, 94.8636, 0.472567, 120, 3, 0, 152, 0, 1, 0, 0, 0, '', 0, 0, NULL),
(@CGUID+52, 16423, 0, 0, 0, 0, 0, 1, 1, 0, -9045.48, 355.503, 94.379, 4.06777, 120, 3, 0, 152, 0, 1, 0, 0, 0, '', 0, 0, NULL),
(@CGUID+53, 16423, 0, 0, 0, 0, 0, 1, 1, 0, -9044, 323.21, 93.7645, 3.66519, 120, 3, 0, 152, 0, 1, 0, 0, 0, '', 0, 0, NULL),
(@CGUID+54, 16423, 0, 0, 0, 0, 0, 1, 1, 0, 1959.11, 339.51, 39.5347, 3.07178, 120, 3, 0, 152, 0, 1, 0, 0, 0, '', 0, 0, NULL),
(@CGUID+55, 16423, 0, 0, 0, 0, 0, 1, 1, 0, 1959.47, 324.664, 39.1019, 5.89921, 120, 3, 0, 152, 0, 1, 0, 0, 0, '', 0, 0, NULL),
(@CGUID+56, 16423, 0, 0, 0, 0, 0, 1, 1, 0, 1975.08, 310.348, 41.0603, 4.04916, 120, 3, 0, 152, 0, 1, 0, 0, 0, '', 0, 0, NULL),
(@CGUID+57, 16423, 0, 0, 0, 0, 0, 1, 1, 0, 1977.61, 292.986, 41.515, 5.68878, 120, 3, 0, 152, 0, 1, 0, 0, 0, '', 0, 0, NULL),
(@CGUID+58, 16423, 0, 0, 0, 0, 0, 1, 1, 0, 1992.29, 277.838, 47.1022, 2.48893, 120, 3, 0, 152, 0, 1, 0, 0, 0, '', 0, 0, NULL),
(@CGUID+59, 16423, 0, 0, 0, 0, 0, 1, 1, 0, 1990.49, 345.272, 40.0696, 1.65913, 120, 3, 0, 152, 0, 1, 0, 0, 0, '', 0, 0, NULL),
(@CGUID+60, 16423, 0, 0, 0, 0, 0, 1, 1, 0, 1992.55, 310.513, 41.3644, 4.70379, 120, 3, 0, 152, 0, 1, 0, 0, 0, '', 0, 0, NULL),
(@CGUID+61, 16423, 0, 0, 0, 0, 0, 1, 1, 0, 1997.95, 299.77, 44.6081, 0.692723, 120, 3, 0, 152, 0, 1, 0, 0, 0, '', 0, 0, NULL),
(@CGUID+62, 16423, 0, 0, 0, 0, 0, 1, 1, 0, 2001.88, 329.076, 40.9497, 5.48828, 120, 3, 0, 152, 0, 1, 0, 0, 0, '', 0, 0, NULL),
(@CGUID+63, 16423, 0, 0, 0, 0, 0, 1, 1, 0, 2010.31, 292.357, 47.9491, 5.46729, 120, 3, 0, 152, 0, 1, 0, 0, 0, '', 0, 0, NULL),
(@CGUID+64, 16423, 0, 0, 0, 0, 0, 1, 1, 0, 2025.48, 326.184, 46.5013, 3.27346, 120, 3, 0, 152, 0, 1, 0, 0, 0, '', 0, 0, NULL),
(@CGUID+65, 16423, 0, 0, 0, 0, 0, 1, 1, 0, 2041.46, 326.857, 50.2251, 2.88294, 120, 3, 0, 152, 0, 1, 0, 0, 0, '', 0, 0, NULL),
-- Spectral Spirit
(@CGUID+66, 16437, 0, 0, 0, 0, 0, 1, 1, 0, -5208.49, -576.049, 400.961, 4.15947, 120, 3, 0, 224, 0, 1, 0, 0, 0, '', 0, 0, NULL),
(@CGUID+67, 16437, 0, 0, 0, 0, 0, 1, 1, 0, -5193.44, -608.284, 398.297, 0.593264, 120, 3, 0, 224, 0, 1, 0, 0, 0, '', 0, 0, NULL),
(@CGUID+68, 16437, 0, 0, 0, 0, 0, 1, 1, 0, -5193.28, -638.902, 403.036, 3.00478, 120, 3, 0, 224, 0, 1, 0, 0, 0, '', 0, 0, NULL),
(@CGUID+69, 16437, 0, 0, 0, 0, 0, 1, 1, 0, -5194.43, -559.338, 396.88, 1.14633, 120, 3, 0, 224, 0, 1, 0, 0, 0, '', 0, 0, NULL),
(@CGUID+70, 16437, 0, 0, 0, 0, 0, 1, 1, 0, -5193.22, -574.374, 398.728, 5.74848, 120, 3, 0, 224, 0, 1, 0, 0, 0, '', 0, 0, NULL),
(@CGUID+71, 16437, 0, 0, 0, 0, 0, 1, 1, 0, -5176.13, -624.952, 396.463, 5.98386, 120, 3, 0, 224, 0, 1, 0, 0, 0, '', 0, 0, NULL),
(@CGUID+72, 16437, 0, 0, 0, 0, 0, 1, 1, 0, -5172.85, -666.148, 408.721, 1.18356, 120, 3, 0, 224, 0, 1, 0, 0, 0, '', 0, 0, NULL),
(@CGUID+73, 16437, 0, 0, 0, 0, 0, 1, 1, 0, -5159.11, -659.359, 401.477, 0.618696, 120, 3, 0, 224, 0, 1, 0, 0, 0, '', 0, 0, NULL),
(@CGUID+74, 16437, 0, 0, 0, 0, 0, 1, 1, 0, -5159.66, -606.987, 399.423, 5.30307, 120, 3, 0, 224, 0, 1, 0, 0, 0, '', 0, 0, NULL),
(@CGUID+75, 16437, 0, 0, 0, 0, 0, 1, 1, 0, -5157.64, -589.138, 399.107, 0.0929254, 120, 3, 0, 224, 0, 1, 0, 0, 0, '', 0, 0, NULL),
(@CGUID+76, 16437, 0, 0, 0, 0, 0, 1, 1, 0, -5141.73, -625.044, 396, 2.51587, 120, 3, 0, 224, 0, 1, 0, 0, 0, '', 0, 0, NULL),
(@CGUID+77, 16437, 0, 0, 0, 0, 0, 1, 1, 0, -5138.2, -640.783, 396.344, 3.21955, 120, 3, 0, 224, 0, 1, 0, 0, 0, '', 0, 0, NULL),
(@CGUID+78, 16437, 0, 0, 0, 0, 0, 1, 1, 0, -5126.87, -672.696, 408.134, 2.83411, 120, 3, 0, 224, 0, 1, 0, 0, 0, '', 0, 0, NULL),
(@CGUID+79, 16437, 0, 0, 0, 0, 0, 1, 1, 0, -5125.61, -572.409, 403.128, 4.56886, 120, 3, 0, 224, 0, 1, 0, 0, 0, '', 0, 0, NULL),
(@CGUID+80, 16437, 0, 0, 0, 0, 0, 1, 1, 0, -5124.48, -608.489, 398.888, 0.292252, 120, 3, 0, 224, 0, 1, 0, 0, 0, '', 0, 0, NULL),
(@CGUID+81, 16437, 0, 0, 1, 0, 0, 1, 1, 0, -1575.6, 44.6215, 1.63601, 3.02242, 120, 3, 0, 224, 0, 1, 0, 0, 0, '', 0, 0, NULL),
(@CGUID+82, 16437, 0, 0, 1, 0, 0, 1, 1, 0, -1574.84, 77.7345, -7.23697, 2.74253, 120, 3, 0, 224, 0, 1, 0, 0, 0, '', 0, 0, NULL),
(@CGUID+83, 16437, 0, 0, 1, 0, 0, 1, 1, 0, -1575.05, 23.9854, 4.85027, 4.3839, 120, 3, 0, 224, 0, 1, 0, 0, 0, '', 0, 0, NULL),
(@CGUID+84, 16437, 0, 0, 1, 0, 0, 1, 1, 0, -1558.53, 41.1742, 7.06617, 1.16937, 120, 3, 0, 224, 0, 1, 0, 0, 0, '', 0, 0, NULL),
(@CGUID+85, 16437, 0, 0, 1, 0, 0, 1, 1, 0, -1557.58, -22.776, 8.83432, 0.884217, 120, 3, 0, 224, 0, 1, 0, 0, 0, '', 0, 0, NULL),
(@CGUID+86, 16437, 0, 0, 1, 0, 0, 1, 1, 0, -1542.25, 57.6243, 3.68054, 3.77022, 120, 3, 0, 224, 0, 1, 0, 0, 0, '', 0, 0, NULL),
(@CGUID+87, 16437, 0, 0, 1, 0, 0, 1, 1, 0, -1541.86, 89.9928, -0.836067, 0.837758, 120, 3, 0, 224, 0, 1, 0, 0, 0, '', 0, 0, NULL),
(@CGUID+88, 16437, 0, 0, 1, 0, 0, 1, 1, 0, -1541.74, 24.4095, 12.7886, 3.24659, 120, 3, 0, 224, 0, 1, 0, 0, 0, '', 0, 0, NULL),
(@CGUID+89, 16437, 0, 0, 1, 0, 0, 1, 1, 0, -1523.54, 54.8383, 6.13107, 0.125006, 120, 3, 0, 224, 0, 1, 0, 0, 0, '', 0, 0, NULL),
(@CGUID+90, 16437, 0, 0, 1, 0, 0, 1, 1, 0, -1523.32, 42.4703, 10.2417, 0.774447, 120, 3, 0, 224, 0, 1, 0, 0, 0, '', 0, 0, NULL),
(@CGUID+91, 16437, 0, 0, 1, 0, 0, 1, 1, 0, -1509.16, 92.1356, 3.19217, 4.27606, 120, 3, 0, 224, 0, 1, 0, 0, 0, '', 0, 0, NULL),
(@CGUID+92, 16437, 0, 0, 1, 0, 0, 1, 1, 0, -1506.54, 76.2188, 6.25629, 0.750718, 120, 3, 0, 224, 0, 1, 0, 0, 0, '', 0, 0, NULL),
(@CGUID+93, 16437, 0, 0, 1, 0, 0, 1, 1, 0, -1489.36, 58.1138, 12.7463, 2.78068, 120, 3, 0, 224, 0, 1, 0, 0, 0, '', 0, 0, NULL),
(@CGUID+94, 16437, 0, 0, 1, 0, 0, 1, 1, 0, -1489.11, 91.5441, 6.36338, 5.49487, 120, 3, 0, 224, 0, 1, 0, 0, 0, '', 0, 0, NULL),
(@CGUID+95, 16437, 0, 0, 1, 0, 0, 1, 1, 0, -1475.24, 7.83225, 26.2654, 0.361255, 120, 3, 0, 224, 0, 1, 0, 0, 0, '', 0, 0, NULL),
(@CGUID+96, 16437, 0, 0, 1, 0, 0, 1, 1, 0, 1147.36, -4324.34, 23.8895, 2.57482, 120, 3, 0, 224, 0, 1, 0, 0, 0, '', 0, 0, NULL),
(@CGUID+97, 16437, 0, 0, 1, 0, 0, 1, 1, 0, 1156.1, -4343.53, 25.8797, 1.78485, 120, 3, 0, 224, 0, 1, 0, 0, 0, '', 0, 0, NULL),
(@CGUID+98, 16437, 0, 0, 1, 0, 0, 1, 1, 0, 1173.62, -4308.4, 20.8017, 4.50295, 120, 3, 0, 224, 0, 1, 0, 0, 0, '', 0, 0, NULL),
(@CGUID+99, 16437, 0, 0, 1, 0, 0, 1, 1, 0, 1171.95, -4342.67, 25.3053, 5.77195, 120, 3, 0, 224, 0, 1, 0, 0, 0, '', 0, 0, NULL),
(@CGUID+100, 16437, 0, 0, 1, 0, 0, 1, 1, 0, 1189.68, -4321.83, 21.7062, 2.60527, 120, 3, 0, 224, 0, 1, 0, 0, 0, '', 0, 0, NULL),
(@CGUID+101, 16437, 0, 0, 1, 0, 0, 1, 1, 0, 1191.45, -4286.37, 21.2201, 0.593412, 120, 3, 0, 224, 0, 1, 0, 0, 0, '', 0, 0, NULL),
(@CGUID+102, 16437, 0, 0, 1, 0, 0, 1, 1, 0, 1191.08, -4357.62, 27.749, 2.41905, 120, 3, 0, 224, 0, 1, 0, 0, 0, '', 0, 0, NULL),
(@CGUID+103, 16437, 0, 0, 1, 0, 0, 1, 1, 0, 1204.55, -4339.09, 25.5045, 5.52536, 120, 3, 0, 224, 0, 1, 0, 0, 0, '', 0, 0, NULL),
(@CGUID+104, 16437, 0, 0, 1, 0, 0, 1, 1, 0, 1207.68, -4287.86, 22.485, 3.83972, 120, 3, 0, 224, 0, 1, 0, 0, 0, '', 0, 0, NULL),
(@CGUID+105, 16437, 0, 0, 1, 0, 0, 1, 1, 0, 1210.3, -4323.29, 23.2734, 1.10274, 120, 3, 0, 224, 0, 1, 0, 0, 0, '', 0, 0, NULL),
(@CGUID+106, 16437, 0, 0, 1, 0, 0, 1, 1, 0, 1218.33, -4331.81, 24.9515, 5.08237, 120, 3, 0, 224, 0, 1, 0, 0, 0, '', 0, 0, NULL),
(@CGUID+107, 16437, 0, 0, 1, 0, 0, 1, 1, 0, 1226.92, -4325.25, 25.8494, 2.14814, 120, 3, 0, 224, 0, 1, 0, 0, 0, '', 0, 0, NULL),
(@CGUID+108, 16437, 0, 0, 1, 0, 0, 1, 1, 0, 1227.44, -4308.01, 25.112, 4.36058, 120, 3, 0, 224, 0, 1, 0, 0, 0, '', 0, 0, NULL),
(@CGUID+109, 16437, 0, 0, 1, 0, 0, 1, 1, 0, 1231.62, -4348.39, 28.4913, 3.41079, 120, 3, 0, 224, 0, 1, 0, 0, 0, '', 0, 0, NULL),
(@CGUID+110, 16437, 0, 0, 1, 0, 0, 1, 1, 0, 1243.96, -4358.3, 30.9391, 3.97935, 120, 3, 0, 224, 0, 1, 0, 0, 0, '', 0, 0, NULL),
(@CGUID+111, 16437, 0, 0, 1, 0, 0, 1, 1, 0, 1242.5, -4308.1, 28.4669, 1.46432, 120, 3, 0, 224, 0, 1, 0, 0, 0, '', 0, 0, NULL),
(@CGUID+112, 16437, 0, 0, 1, 0, 0, 1, 1, 0, 1258.84, -4373.13, 28.7774, 3.82573, 120, 3, 0, 224, 0, 1, 0, 0, 0, '', 0, 0, NULL),
(@CGUID+113, 16437, 0, 0, 1, 0, 0, 1, 1, 0, 9873.98, 1881.84, 1325.2, 1.74748, 120, 3, 0, 224, 0, 1, 0, 0, 0, '', 0, 0, NULL),
(@CGUID+114, 16437, 0, 0, 1, 0, 0, 1, 1, 0, 9873.22, 1860.1, 1319.36, 0.150392, 120, 3, 0, 224, 0, 1, 0, 0, 0, '', 0, 0, NULL),
(@CGUID+115, 16437, 0, 0, 1, 0, 0, 1, 1, 0, 9894.58, 1873.58, 1320.51, 2.22655, 120, 3, 0, 224, 0, 1, 0, 0, 0, '', 0, 0, NULL),
(@CGUID+116, 16437, 0, 0, 1, 0, 0, 1, 1, 0, 9907.36, 1840.28, 1319.96, 5.66048, 120, 3, 0, 224, 0, 1, 0, 0, 0, '', 0, 0, NULL),
(@CGUID+117, 16437, 0, 0, 1, 0, 0, 1, 1, 0, 9907.63, 1890.99, 1323.66, 3.76371, 120, 3, 0, 224, 0, 1, 0, 0, 0, '', 0, 0, NULL),
(@CGUID+118, 16437, 0, 0, 1, 0, 0, 1, 1, 0, 9920.43, 1906.32, 1327.07, 3.98254, 120, 3, 0, 224, 0, 1, 0, 0, 0, '', 0, 0, NULL),
(@CGUID+119, 16437, 0, 0, 1, 0, 0, 1, 1, 0, 9924.32, 1824.72, 1324.44, 4.05846, 120, 3, 0, 224, 0, 1, 0, 0, 0, '', 0, 0, NULL),
(@CGUID+120, 16437, 0, 0, 1, 0, 0, 1, 1, 0, 9923.78, 1878.97, 1324.58, 5.44933, 120, 3, 0, 224, 0, 1, 0, 0, 0, '', 0, 0, NULL),
(@CGUID+121, 16437, 0, 0, 1, 0, 0, 1, 1, 0, 9927.95, 1861.29, 1322.51, 3.68901, 120, 3, 0, 224, 0, 1, 0, 0, 0, '', 0, 0, NULL),
(@CGUID+122, 16437, 0, 0, 1, 0, 0, 1, 1, 0, 9940.23, 1954.28, 1335.71, 0.020871, 120, 3, 0, 224, 0, 1, 0, 0, 0, '', 0, 0, NULL),
(@CGUID+123, 16437, 0, 0, 1, 0, 0, 1, 1, 0, 9939.2, 1924.07, 1329.66, 5.9987, 120, 3, 0, 224, 0, 1, 0, 0, 0, '', 0, 0, NULL),
(@CGUID+124, 16437, 0, 0, 1, 0, 0, 1, 1, 0, 9940.2, 1939.91, 1330.9, 3.65807, 120, 3, 0, 224, 0, 1, 0, 0, 0, '', 0, 0, NULL),
(@CGUID+125, 16437, 0, 0, 1, 0, 0, 1, 1, 0, 9943.01, 1888.31, 1327.05, 1.66524, 120, 3, 0, 224, 0, 1, 0, 0, 0, '', 0, 0, NULL),
(@CGUID+126, 16437, 0, 0, 1, 0, 0, 1, 1, 0, 9954.81, 1943.21, 1328.8, 0.0523599, 120, 3, 0, 224, 0, 1, 0, 0, 0, '', 0, 0, NULL),
(@CGUID+127, 16437, 0, 0, 1, 0, 0, 1, 1, 0, 9957.71, 1925.8, 1327.6, 5.77138, 120, 3, 0, 224, 0, 1, 0, 0, 0, '', 0, 0, NULL),
-- Skeletal Trooper
(@CGUID+128, 16438, 0, 0, 0, 0, 0, 1, 1, 0, -5208.71, -611.287, 404.816, 2.63866, 120, 3, 0, 210, 0, 1, 0, 0, 0, '', 0, 0, NULL),
(@CGUID+129, 16438, 0, 0, 0, 0, 0, 1, 1, 0, -5210.41, -609.386, 405.456, 1.57275, 120, 3, 0, 210, 0, 1, 0, 0, 0, '', 0, 0, NULL),
(@CGUID+130, 16438, 0, 0, 0, 0, 0, 1, 1, 0, -5193.83, -589.28, 398.769, 0.75173, 120, 3, 0, 210, 0, 1, 0, 0, 0, '', 0, 0, NULL),
(@CGUID+131, 16438, 0, 0, 0, 0, 0, 1, 1, 0, -5191.06, -623.539, 399.448, 5.84918, 120, 3, 0, 210, 0, 1, 0, 0, 0, '', 0, 0, NULL),
(@CGUID+132, 16438, 0, 0, 0, 0, 0, 1, 1, 0, -5193.07, -661.447, 413.937, 3.61884, 120, 3, 0, 210, 0, 1, 0, 0, 0, '', 0, 0, NULL),
(@CGUID+133, 16438, 0, 0, 0, 0, 0, 1, 1, 0, -5176.3, -591.736, 397.886, 4.81711, 120, 3, 0, 210, 0, 1, 0, 0, 0, '', 0, 0, NULL),
(@CGUID+134, 16438, 0, 0, 0, 0, 0, 1, 1, 0, -5178.42, -553.342, 398.102, 2.9553, 120, 3, 0, 210, 0, 1, 0, 0, 0, '', 0, 0, NULL),
(@CGUID+135, 16438, 0, 0, 0, 0, 0, 1, 1, 0, -5177.64, -647.163, 401.092, 1.63087, 120, 3, 0, 210, 0, 1, 0, 0, 0, '', 0, 0, NULL),
(@CGUID+136, 16438, 0, 0, 0, 0, 0, 1, 1, 0, -5173.32, -574.801, 396.83, 4.19687, 120, 3, 0, 210, 0, 1, 0, 0, 0, '', 0, 0, NULL),
(@CGUID+137, 16438, 0, 0, 0, 0, 0, 1, 1, 0, -5172.09, -606.646, 397.746, 3.72271, 120, 3, 0, 210, 0, 1, 0, 0, 0, '', 0, 0, NULL),
(@CGUID+138, 16438, 0, 0, 0, 0, 0, 1, 1, 0, -5158.14, -641.97, 395.852, 0.0418265, 120, 3, 0, 210, 0, 1, 0, 0, 0, '', 0, 0, NULL),
(@CGUID+139, 16438, 0, 0, 0, 0, 0, 1, 1, 0, -5157.45, -574.434, 398.998, 4.903, 120, 3, 0, 210, 0, 1, 0, 0, 0, '', 0, 0, NULL),
(@CGUID+140, 16438, 0, 0, 0, 0, 0, 1, 1, 0, -5157.25, -624.006, 396.869, 0.585034, 120, 3, 0, 210, 0, 1, 0, 0, 0, '', 0, 0, NULL),
(@CGUID+141, 16438, 0, 0, 0, 0, 0, 1, 1, 0, -5143.07, -588.042, 399.502, 2.62044, 120, 3, 0, 210, 0, 1, 0, 0, 0, '', 0, 0, NULL),
(@CGUID+142, 16438, 0, 0, 0, 0, 0, 1, 1, 0, -5144.77, -609.512, 398.967, 4.495, 120, 3, 0, 210, 0, 1, 0, 0, 0, '', 0, 0, NULL),
(@CGUID+143, 16438, 0, 0, 0, 0, 0, 1, 1, 0, -5141.23, -659.017, 401.799, 4.33643, 120, 3, 0, 210, 0, 1, 0, 0, 0, '', 0, 0, NULL),
(@CGUID+144, 16438, 0, 0, 1, 0, 0, 1, 1, 0, -1593.79, 23.9679, -0.107843, 5.18309, 120, 3, 0, 210, 0, 1, 0, 0, 0, '', 0, 0, NULL),
(@CGUID+145, 16438, 0, 0, 1, 0, 0, 1, 1, 0, -1592.87, 57.2176, -8.33858, 5.88176, 120, 3, 0, 210, 0, 1, 0, 0, 0, '', 0, 0, NULL),
(@CGUID+146, 16438, 0, 0, 1, 0, 0, 1, 1, 0, -1593.03, 41.182, -3.30581, 0.878813, 120, 3, 0, 210, 0, 1, 0, 0, 0, '', 0, 0, NULL),
(@CGUID+147, 16438, 0, 0, 1, 0, 0, 1, 1, 0, -1573.32, 61.2735, -2.99172, 4.41404, 120, 3, 0, 210, 0, 1, 0, 0, 0, '', 0, 0, NULL),
(@CGUID+148, 16438, 0, 0, 1, 0, 0, 1, 1, 0, -1559.1, 24.0625, 8.7196, 1.91986, 120, 3, 0, 210, 0, 1, 0, 0, 0, '', 0, 0, NULL),
(@CGUID+149, 16438, 0, 0, 1, 0, 0, 1, 1, 0, -1558.06, 57.5885, 2.02549, 5.03573, 120, 3, 0, 210, 0, 1, 0, 0, 0, '', 0, 0, NULL),
(@CGUID+150, 16438, 0, 0, 1, 0, 0, 1, 1, 0, -1557.8, 76.2171, -3.3495, 0.536828, 120, 3, 0, 210, 0, 1, 0, 0, 0, '', 0, 0, NULL),
(@CGUID+151, 16438, 0, 0, 1, 0, 0, 1, 1, 0, -1543.48, 42.5353, 8.50159, 2.76799, 120, 3, 0, 210, 0, 1, 0, 0, 0, '', 0, 0, NULL),
(@CGUID+152, 16438, 0, 0, 1, 0, 0, 1, 1, 0, -1540.14, -22.9825, 13.7193, 2.99244, 120, 3, 0, 210, 0, 1, 0, 0, 0, '', 0, 0, NULL),
(@CGUID+153, 16438, 0, 0, 1, 0, 0, 1, 1, 0, -1539.75, 76.8899, 0.381858, 2.72271, 120, 3, 0, 210, 0, 1, 0, 0, 0, '', 0, 0, NULL),
(@CGUID+154, 16438, 0, 0, 1, 0, 0, 1, 1, 0, -1523.47, 76.5106, 3.67229, 5.12642, 120, 3, 0, 210, 0, 1, 0, 0, 0, '', 0, 0, NULL),
(@CGUID+155, 16438, 0, 0, 1, 0, 0, 1, 1, 0, -1523.79, 26.224, 14.3512, 4.93879, 120, 3, 0, 210, 0, 1, 0, 0, 0, '', 0, 0, NULL),
(@CGUID+156, 16438, 0, 0, 1, 0, 0, 1, 1, 0, -1508.9, 42.3158, 11.5504, 2.42609, 120, 3, 0, 210, 0, 1, 0, 0, 0, '', 0, 0, NULL),
(@CGUID+157, 16438, 0, 0, 1, 0, 0, 1, 1, 0, -1507.54, 58.8243, 8.78051, 3.86994, 120, 3, 0, 210, 0, 1, 0, 0, 0, '', 0, 0, NULL),
(@CGUID+158, 16438, 0, 0, 1, 0, 0, 1, 1, 0, -1488.71, 76.3296, 9.2439, 1.40822, 120, 3, 0, 210, 0, 1, 0, 0, 0, '', 0, 0, NULL),
(@CGUID+159, 16438, 0, 0, 1, 0, 0, 1, 1, 0, 1155.88, -4309.86, 20.9188, 3.81997, 120, 3, 0, 210, 0, 1, 0, 0, 0, '', 0, 0, NULL),
(@CGUID+160, 16438, 0, 0, 1, 0, 0, 1, 1, 0, 1172.73, -4327.02, 22.0216, 1.09122, 120, 3, 0, 210, 0, 1, 0, 0, 0, '', 0, 0, NULL),
(@CGUID+161, 16438, 0, 0, 1, 0, 0, 1, 1, 0, 1173.75, -4283.53, 20.7698, 0.408861, 120, 3, 0, 210, 0, 1, 0, 0, 0, '', 0, 0, NULL),
(@CGUID+162, 16438, 0, 0, 1, 0, 0, 1, 1, 0, 1175.07, -4357.89, 26.8588, 5.32325, 120, 3, 0, 210, 0, 1, 0, 0, 0, '', 0, 0, NULL),
(@CGUID+163, 16438, 0, 0, 1, 0, 0, 1, 1, 0, 1189.31, -4343.56, 25.8441, 4.3805, 120, 3, 0, 210, 0, 1, 0, 0, 0, '', 0, 0, NULL),
(@CGUID+164, 16438, 0, 0, 1, 0, 0, 1, 1, 0, 1192.17, -4306.93, 21.2328, 3.55576, 120, 3, 0, 210, 0, 1, 0, 0, 0, '', 0, 0, NULL),
(@CGUID+165, 16438, 0, 0, 1, 0, 0, 1, 1, 0, 1209.29, -4358.01, 27.4716, 0.748028, 120, 3, 0, 210, 0, 1, 0, 0, 0, '', 0, 0, NULL),
(@CGUID+166, 16438, 0, 0, 1, 0, 0, 1, 1, 0, 1209.36, -4310.8, 22.9504, 5.41146, 120, 3, 0, 210, 0, 1, 0, 0, 0, '', 0, 0, NULL),
(@CGUID+167, 16438, 0, 0, 1, 0, 0, 1, 1, 0, 1223.94, -4355.67, 27.427, 1.88376, 120, 3, 0, 210, 0, 1, 0, 0, 0, '', 0, 0, NULL),
(@CGUID+168, 16438, 0, 0, 1, 0, 0, 1, 1, 0, 1225.33, -4341.79, 26.5733, 3.82625, 120, 3, 0, 210, 0, 1, 0, 0, 0, '', 0, 0, NULL),
(@CGUID+169, 16438, 0, 0, 1, 0, 0, 1, 1, 0, 1224.77, -4287.22, 23.3625, 3.3798, 120, 3, 0, 210, 0, 1, 0, 0, 0, '', 0, 0, NULL),
(@CGUID+170, 16438, 0, 0, 1, 0, 0, 1, 1, 0, 1226.42, -4372.58, 28.7022, 1.99807, 120, 3, 0, 210, 0, 1, 0, 0, 0, '', 0, 0, NULL),
(@CGUID+171, 16438, 0, 0, 1, 0, 0, 1, 1, 0, 1230.64, -4338.64, 27.7799, 4.26455, 120, 3, 0, 210, 0, 1, 0, 0, 0, '', 0, 0, NULL),
(@CGUID+172, 16438, 0, 0, 1, 0, 0, 1, 1, 0, 1240.89, -4325.15, 29.9222, 0.398358, 120, 3, 0, 210, 0, 1, 0, 0, 0, '', 0, 0, NULL),
(@CGUID+173, 16438, 0, 0, 1, 0, 0, 1, 1, 0, 1244.84, -4374.43, 27.9372, 5.04125, 120, 3, 0, 210, 0, 1, 0, 0, 0, '', 0, 0, NULL),
(@CGUID+174, 16438, 0, 0, 1, 0, 0, 1, 1, 0, 1246.95, -4385.95, 28.4688, 4.33315, 120, 3, 0, 210, 0, 1, 0, 0, 0, '', 0, 0, NULL),
(@CGUID+175, 16438, 0, 0, 1, 0, 0, 1, 1, 0, 9872.75, 1869.78, 1322.73, 1.03947, 120, 3, 0, 210, 0, 1, 0, 0, 0, '', 0, 0, NULL),
(@CGUID+176, 16438, 0, 0, 1, 0, 0, 1, 1, 0, 9889.47, 1860.38, 1317.56, 5.09769, 120, 3, 0, 210, 0, 1, 0, 0, 0, '', 0, 0, NULL),
(@CGUID+177, 16438, 0, 0, 1, 0, 0, 1, 1, 0, 9892.34, 1844.96, 1319.13, 4.72984, 120, 3, 0, 210, 0, 1, 0, 0, 0, '', 0, 0, NULL),
(@CGUID+178, 16438, 0, 0, 1, 0, 0, 1, 1, 0, 9907.55, 1872.97, 1320.55, 1.79572, 120, 3, 0, 210, 0, 1, 0, 0, 0, '', 0, 0, NULL),
(@CGUID+179, 16438, 0, 0, 1, 0, 0, 1, 1, 0, 9906.6, 1860.25, 1319.66, 0.255044, 120, 3, 0, 210, 0, 1, 0, 0, 0, '', 0, 0, NULL),
(@CGUID+180, 16438, 0, 0, 1, 0, 0, 1, 1, 0, 9923.62, 1891.61, 1326.37, 4.13039, 120, 3, 0, 210, 0, 1, 0, 0, 0, '', 0, 0, NULL),
(@CGUID+181, 16438, 0, 0, 1, 0, 0, 1, 1, 0, 9926.43, 1959.37, 1339.14, 4.4009, 120, 3, 0, 210, 0, 1, 0, 0, 0, '', 0, 0, NULL),
(@CGUID+182, 16438, 0, 0, 1, 0, 0, 1, 1, 0, 9925.01, 1938.92, 1331.95, 0.582976, 120, 3, 0, 210, 0, 1, 0, 0, 0, '', 0, 0, NULL),
(@CGUID+183, 16438, 0, 0, 1, 0, 0, 1, 1, 0, 9926.35, 1840.37, 1323.2, 2.17947, 120, 3, 0, 210, 0, 1, 0, 0, 0, '', 0, 0, NULL),
(@CGUID+184, 16438, 0, 0, 1, 0, 0, 1, 1, 0, 9941.27, 1875.73, 1325.67, 0.542241, 120, 3, 0, 210, 0, 1, 0, 0, 0, '', 0, 0, NULL),
(@CGUID+185, 16438, 0, 0, 1, 0, 0, 1, 1, 0, 9942.75, 1859.53, 1324.35, 3.97699, 120, 3, 0, 210, 0, 1, 0, 0, 0, '', 0, 0, NULL),
(@CGUID+186, 16438, 0, 0, 1, 0, 0, 1, 1, 0, 9958.77, 1904.66, 1326.6, 2.12705, 120, 3, 0, 210, 0, 1, 0, 0, 0, '', 0, 0, NULL),
(@CGUID+187, 16438, 0, 0, 1, 0, 0, 1, 1, 0, 9960.69, 1873.77, 1324.49, 3.40416, 120, 3, 0, 210, 0, 1, 0, 0, 0, '', 0, 0, NULL),
(@CGUID+188, 16438, 0, 0, 1, 0, 0, 1, 1, 0, 9972.98, 1926.66, 1326.75, 2.7647, 120, 3, 0, 210, 0, 1, 0, 0, 0, '', 0, 0, NULL),
(@CGUID+189, 16438, 0, 0, 1, 0, 0, 1, 1, 0, 9972.37, 1941.5, 1327.35, 0.409531, 120, 3, 0, 210, 0, 1, 0, 0, 0, '', 0, 0, NULL),
(@CGUID+190, 16438, 0, 0, 1, 0, 0, 1, 1, 0, 9976.26, 1942.55, 1326.42, 0.0850052, 120, 3, 0, 210, 0, 1, 0, 0, 0, '', 0, 0, NULL),
(@CGUID+191, 16438, 0, 0, 1, 0, 0, 1, 1, 0, 9976.3, 1942.98, 1326.32, 0.984199, 120, 3, 0, 210, 0, 1, 0, 0, 0, '', 0, 0, NULL),
-- Mouth of Kel'Thuzad
(@CGUID+192, 16995, 0, 0, 0, 0, 0, 1, 1, 0, -4978.74, -886.326, 501.719, 4.11898, 120, 0, 0, 5228, 0, 0, 0, 0, 0, '', 0, 0, NULL),
(@CGUID+193, 16995, 0, 0, 0, 0, 0, 1, 1, 0, 1805.6, 238.504, 62.837, 4.41568, 120, 0, 0, 5228, 0, 0, 0, 0, 0, '', 0, 0, NULL),
(@CGUID+194, 16995, 0, 0, 0, 0, 0, 1, 1, 0, -8955.74, 570.615, 93.878, 0.0872665, 120, 0, 0, 5228, 0, 0, 0, 0, 0, '', 0, 0, NULL),
(@CGUID+195, 16995, 0, 0, 1, 0, 0, 1, 1, 0, 1488.39, -4415.53, 23.7461, 5.06145, 120, 0, 0, 5228, 0, 0, 0, 0, 0, '', 0, 0, NULL),
(@CGUID+196, 16995, 0, 0, 1, 0, 0, 1, 1, 0, -1300.34, 173.278, 68.6351, 4.18879, 120, 0, 0, 5228, 0, 0, 0, 0, 0, '', 0, 0, NULL),
(@CGUID+197, 16995, 0, 0, 1, 0, 0, 1, 1, 0, 9952.88, 2246.56, 1334.5, 4.24115, 120, 0, 0, 5228, 0, 0, 0, 0, 0, '', 0, 0, NULL),
-- Argent Scout
(@CGUID+200, 16255, 0, 0, 0, 0, 0, 1, 1, 0, 1578.88, 238.562, -61.994, 3.03687, 120, 0, 0, 5922, 0, 0, 0, 0, 0, '', 0, 0, NULL),
(@CGUID+201, 16255, 0, 0, 1, 0, 0, 1, 1, 0, 1584.58, -4416.35, 8.29802, 3.38594, 120, 0, 0, 5922, 0, 0, 0, 0, 0, '', 0, 0, NULL), 
(@CGUID+202, 16255, 0, 0, 1, 0, 0, 1, 1, 0, -1272.83, 74.1628, 128.034, 6.12987, 120, 0, 0, 5922, 0, 0, 0, 0, 0, '', 0, 0, NULL),
-- (@CGUID+203, 16255, 0, 0, 530, 0, 0, 1, 1, 0, 9516.11, -7350.31, 14.4153, 1.71042, 120, 0, 0, 5922, 0, 0, 0, 0, 0, '', 0, 0, NULL),
-- Argent Recruiter
(@CGUID+204, 16241, 0, 0, 0, 0, 0, 1, 1, 0, -8832.87, 642.782, 94.81, 4.45059, 120, 0, 0, 5228, 0, 0, 0, 0, 0, '', 0, 0, NULL),
(@CGUID+205, 16241, 0, 0, 1, 0, 0, 1, 1, 0, 9918.36, 2520.6, 1317.57, 3.31613, 120, 0, 0, 5228, 0, 0, 0, 0, 0, '', 0, 0, NULL),
-- (@CGUID+206, 16241, 0, 0, 1, 0, 0, 1, 1, 0, 9919.14, 2510.43, 1317.62, 4.39823, 120, 0, 0, 5228, 0, 0, 0, 0, 0, '', 0, 0, NULL),
(@CGUID+207, 16241, 0, 0, 0, 0, 0, 1, 1, 0, -4928.73, -982.986, 501.552, 2.05949, 120, 0, 0, 5228, 0, 0, 0, 0, 0, '', 0, 0, NULL),
(@CGUID+208, 16241, 0, 0, 0, 0, 0, 1, 1, 0, -4894.5, -949.382, 501.554, 2.44303, 120, 0, 0, 5228, 0, 0, 0, 0, 0, '', 0, 0, NULL),
-- Argent Messenger
(@CGUID+209, 16359, 0, 0, 0, 0, 0, 1, 1, 0, 1578.8, 241.731, -61.994, 2.93215, 120, 0, 0, 5228, 0, 0, 0, 0, 0, '', 0, 0, NULL),
(@CGUID+210, 16359, 0, 0, 1, 0, 0, 1, 1, 0, 1585.22, -4420.51, 8.32929, 3.45575, 120, 0, 0, 5228, 0, 0, 0, 0, 0, '', 0, 0, NULL),
(@CGUID+211, 16359, 0, 0, 1, 0, 0, 1, 1, 0, -1273.25, 71.5819, 128.015, 6.02376, 120, 0, 0, 5228, 0, 0, 0, 0, 0, '', 0, 0, NULL),
-- (@CGUID+212, 16359, 0, 0, 530, 0, 0, 1, 1, 0, 9525.33, -7347.89, 14.4149, 1.71042, 120, 0, 0, 5228, 0, 0, 0, 0, 0, '', 0, 0, NULL),
-- Argent Emissary
(@CGUID+213, 16285, 0, 0, 0, 0, 0, 1, 1, 0, -8830.83, 640.758, 94.528, 4.2237, 120, 0, 0, 5228, 0, 0, 0, 0, 0, '', 0, 0, NULL),
(@CGUID+214, 16285, 0, 0, 0, 0, 0, 1, 1, 0, -4930.03, -985.018, 501.548, 2.23402, 120, 0, 0, 5228, 0, 0, 0, 0, 0, '', 0, 0, NULL),
(@CGUID+215, 16285, 0, 0, 0, 0, 0, 1, 1, 0, -4894.93, -951.747, 501.553, 2.61756, 120, 0, 0, 5228, 0, 0, 0, 0, 0, '', 0, 0, NULL),
(@CGUID+216, 16285, 0, 0, 1, 0, 0, 1, 1, 0, 9918.94, 2518.57, 1317.64, 3.47321, 120, 0, 0, 5228, 0, 0, 0, 0, 0, '', 0, 0, NULL),
(@CGUID+217, 16285, 0, 0, 0, 0, 0, 1, 1, 0, 2247.79, -5317.31, 82.1935, 1.5708, 120, 0, 0, 5228, 0, 0, 0, 0, 0, '', 0, 0, NULL),
-- Argent Quartermaster, quests: https://www.wowhead.com/classic/npc=16786/argent-quartermaster
(@CGUID+218, 16786, 0, 0, 0, 0, 0, 1, 1, 0, -8835.75, 644.276, 95.6074, 4.18879, 120, 0, 0, 5228, 0, 0, 0, 0, 0, '', 0, 0, NULL),
(@CGUID+219, 16786, 0, 0, 0, 0, 0, 1, 1, 0, -4926.95, -981.718, 501.55, 2.00713, 120, 0, 0, 5228, 0, 0, 0, 0, 0, '', 0, 0, NULL),
(@CGUID+220, 16786, 0, 0, 0, 0, 0, 1, 1, 0, -4893.32, -947.538, 501.552, 2.39067, 120, 0, 0, 5228, 0, 0, 0, 0, 0, '', 0, 0, NULL),
(@CGUID+221, 16786, 0, 0, 0, 0, 0, 1, 1, 0, 2257.84, -5322.27, 81.8893, 2.80998, 120, 0, 0, 5228, 0, 0, 0, 0, 0, '', 0, 0, NULL),
(@CGUID+222, 16786, 0, 0, 1, 0, 0, 1, 1, 0, 9917.67, 2524.46, 1317.53, 3.87463, 120, 0, 0, 5228, 0, 0, 0, 0, 0, '', 0, 0, NULL),
-- Argent Outfitter, quests: https://www.wowhead.com/classic/npc=16787/argent-outfitter
(@CGUID+223, 16787, 0, 0, 0, 0, 0, 1, 1, 0, 1579.84, 245.186, -61.994, 3.29867, 120, 0, 0, 5228, 0, 0, 0, 0, 0, '', 0, 0, NULL),
(@CGUID+224, 16787, 0, 0, 1, 0, 0, 1, 1, 0, 1586.28, -4425.21, 7.9557, 3.05433, 120, 0, 0, 5228, 0, 0, 0, 0, 0, '', 0, 0, NULL),
(@CGUID+225, 16787, 0, 0, 1, 0, 0, 1, 1, 0, -1273.58, 69.2117, 127.98, 5.99785, 120, 0, 0, 5228, 0, 0, 0, 0, 0, '', 0, 0, NULL),
(@CGUID+226, 16787, 0, 0, 0, 0, 0, 1, 1, 0, 2263.72, -5313.31, 81.9193, 3.52556, 120, 0, 0, 5228, 0, 0, 0, 0, 0, '', 0, 0, NULL),
-- (@CGUID+227, 16787, 0, 0, 530, 0, 0, 1, 1, 0, 9522.76, -7352.3, 14.4022, 2.11185, 120, 0, 0, 5228, 0, 0, 0, 0, 0, '', 0, 0, NULL),
-- Light's Hope
(@CGUID+228, 16281, 0, 0, 0, 0, 0, 1, 1, 0, 2242.44, -5317.32, 82.2506, 1.41372, 120, 0, 0, 5742, 0, 0, 0, 0, 0, '', 0, 0, NULL),    -- Keeper of the Rolls
(@CGUID+229, 16361, 0, 0, 0, 0, 0, 1, 1, 0, 2240.87, -5317.26, 82.2506, 1.67552, 120, 0, 0, 5228, 0, 0, 0, 0, 0, '', 0, 0, NULL),    -- Commander Thomas Helleran
-- Lieutenants
(@CGUID+230, 16478, 0, 0, 0, 0, 0, 1, 1, 0, -8955.32, 523.414, 96.44, 3.78736, 120, 0, 0, 198, 0, 0, 0, 0, 0, '', 0, 0, NULL),       -- Lieutenant Orrin
(@CGUID+231, 16484, 0, 0, 0, 0, 0, 1, 1, 0, -5027.18, -806.981, 496.484, 3.00197, 120, 0, 0, 198, 0, 0, 0, 0, 0, '', 0, 0, NULL),    -- Lieutenant Nevell
(@CGUID+232, 16490, 0, 0, 1, 0, 0, 1, 1, 0, -1346.69, 192.28, 61.5735, 4.38078, 120, 0, 0, 198, 0, 0, 0, 0, 0, '', 0, 0, NULL),      -- Lieutenant Lisande
(@CGUID+233, 16493, 0, 0, 1, 0, 0, 1, 1, 0, 1512.33, -4403.79, 19.5269, 5.77704, 120, 0, 0, 198, 0, 0, 0, 0, 0, '', 0, 0, NULL),     -- Lieutenant Dagel
(@CGUID+234, 16494, 0, 0, 0, 0, 0, 1, 1, 0, 1736.87, 239.556, 62.7903, 6.26573, 120, 0, 0, 198, 0, 0, 0, 0, 0, '', 0, 0, NULL),      -- Lieutenant Rukag
(@CGUID+235, 16495, 0, 0, 1, 0, 0, 1, 1, 0, 9939.37, 2114.4, 1328.61, 6.10865, 120, 0, 0, 198, 0, 0, 0, 0, 0, '', 0, 0, NULL),       -- Lieutenant Beitha
-- (@CGUID+236, 29441, 0, 0, 530, 0, 0, 1, 1, 0, 9348.69, -7286.93, 14.666, 4.17134, 120, 0, 0, 198, 0, 0, 0, 0, 0, '', 0, 0, NULL),    -- Lieutenant Julek
-- (@CGUID+237, 29442, 0, 0, 530, 0, 0, 1, 1, 0, -4039.06, -11923.4, -1.13312, 4.86947, 120, 0, 0, 198, 0, 0, 0, 0, 0, '', 0, 0, NULL), -- Lieutenant Kregor
-- Necrotic Shards
(@CGUID+240, 16136, 0, 0, 0, 0, 0, 1, 1, 0, -11183.3, -2985.49, 8.22008, 0.0105759, 300, 0, 0, 3038, 0, 0, 0, 0, 0, '', NULL, 0, NULL),
(@CGUID+241, 16136, 0, 0, 0, 0, 0, 1, 1, 0, -11027, -2784.69, 4.45958, 0.120533, 300, 0, 0, 3038, 0, 0, 0, 0, 0, '', NULL, 0, NULL),
(@CGUID+242, 16136, 0, 0, 0, 0, 0, 1, 1, 0, -11428.9, -2817.38, 0.400971, 0.0498445, 300, 0, 0, 3038, 0, 0, 0, 0, 0, '', NULL, 0, NULL),
(@CGUID+243, 16136, 0, 0, 0, 0, 0, 1, 1, 0, -11335.1, -3152.41, 6.70907, 0.120527, 300, 0, 0, 3038, 0, 0, 0, 0, 0, '', NULL, 0, NULL),
(@CGUID+244, 16136, 0, 0, 0, 0, 0, 1, 1, 0, -11250.1, -3345.52, 9.37404, 0.151919, 300, 0, 0, 3038, 0, 0, 0, 0, 0, '', NULL, 0, NULL),
(@CGUID+245, 16136, 0, 0, 0, 0, 0, 1, 1, 0, -11536.4, -3285.28, 8.95756, 6.21914, 300, 0, 0, 3038, 0, 0, 0, 0, 0, '', NULL, 0, NULL),
(@CGUID+246, 16136, 0, 0, 1, 0, 0, 1, 1, 0, -7245.77, -3545.09, 13.5838, 0.0139582, 300, 0, 0, 3038, 0, 0, 0, 0, 0, '', NULL, 0, NULL),
(@CGUID+247, 16136, 0, 0, 1, 0, 0, 1, 1, 0, -7328.72, -3973.92, 11.6769, 6.19504, 300, 0, 0, 3038, 0, 0, 0, 0, 0, '', NULL, 0, NULL),
(@CGUID+248, 16136, 0, 0, 1, 0, 0, 1, 1, 0, -7632.49, -3741.94, 21.1372, 0.0296614, 300, 0, 0, 3038, 0, 0, 0, 0, 0, '', NULL, 0, NULL),
(@CGUID+249, 16136, 0, 0, 1, 0, 0, 1, 1, 0, -8166.66, -3809.78, 15.0426, 0.149923, 300, 0, 0, 3038, 0, 0, 0, 0, 0, '', NULL, 0, NULL),
(@CGUID+250, 16136, 0, 0, 1, 0, 0, 1, 1, 0, -8502.24, -3827.75, 23.3705, 6.03021, 300, 0, 0, 3038, 0, 0, 0, 0, 0, '', NULL, 0, NULL),
(@CGUID+251, 16136, 0, 0, 1, 0, 0, 1, 1, 0, -8341.47, -4209.24, 13.1848, 0.210404, 300, 0, 0, 3038, 0, 0, 0, 0, 0, '', NULL, 0, NULL),
(@CGUID+252, 16136, 0, 0, 1, 0, 0, 1, 1, 0, -8535.1, -2303.86, 29.0594, 1.65162, 300, 0, 0, 3038, 0, 0, 0, 0, 0, '', NULL, 0, NULL),
(@CGUID+253, 16136, 0, 0, 1, 0, 0, 1, 1, 0, -8534.01, -2706.51, 19.9498, 5.97917, 300, 0, 0, 3038, 0, 0, 0, 0, 0, '', NULL, 0, NULL),
(@CGUID+254, 16136, 0, 0, 1, 0, 0, 1, 1, 0, -8828.01, -2605.84, 22.5, 1.73805, 300, 0, 0, 3038, 0, 0, 0, 0, 0, '', NULL, 0, NULL),
(@CGUID+255, 16136, 0, 0, 1, 0, 0, 1, 1, 0, 6279.14, -4775.33, 756.56, 6.18776, 300, 0, 0, 3038, 0, 0, 0, 0, 0, '', NULL, 0, NULL),
(@CGUID+256, 16136, 0, 0, 1, 0, 0, 1, 1, 0, 6037.53, -4767.13, 794.645, 6.22706, 300, 0, 0, 3038, 0, 0, 0, 0, 0, '', NULL, 0, NULL),
(@CGUID+257, 16136, 0, 0, 1, 0, 0, 1, 1, 0, 6089.27, -5049.38, 794.436, 6.05819, 300, 0, 0, 3038, 0, 0, 0, 0, 0, '', NULL, 0, NULL),
(@CGUID+258, 16136, 0, 0, 1, 0, 0, 1, 1, 0, 6786.42, -3600, 717.201, 6.26081, 300, 0, 0, 3038, 0, 0, 0, 0, 0, '', NULL, 0, NULL),
(@CGUID+259, 16136, 0, 0, 1, 0, 0, 1, 1, 0, 6740.59, -3350.17, 688.127, 0.0836567, 300, 0, 0, 3038, 0, 0, 0, 0, 0, '', NULL, 0, NULL),
(@CGUID+260, 16136, 0, 0, 1, 0, 0, 1, 1, 0, 6537.6, -3494.2, 643.377, 0.0365412, 300, 0, 0, 3038, 0, 0, 0, 0, 0, '', NULL, 0, NULL),
(@CGUID+261, 16136, 0, 0, 1, 0, 0, 1, 1, 0, 7936.67, -3867.96, 695.473, 6.21632, 300, 0, 0, 3038, 0, 0, 0, 0, 0, '', NULL, 0, NULL),
(@CGUID+262, 16136, 0, 0, 1, 0, 0, 1, 1, 0, 7690.48, -3868.19, 686.478, 6.27915, 300, 0, 0, 3038, 0, 0, 0, 0, 0, '', NULL, 0, NULL),
(@CGUID+263, 16136, 0, 0, 1, 0, 0, 1, 1, 0, 7823.39, -4214.1, 675.004, 6.2831, 300, 0, 0, 3038, 0, 0, 0, 0, 0, '', NULL, 0, NULL),
(@CGUID+264, 16136, 0, 0, 1, 0, 0, 1, 1, 0, 3515.43, -4149.34, 106.829, 0.0640161, 300, 0, 0, 3038, 0, 0, 0, 0, 0, '', NULL, 0, NULL),
(@CGUID+265, 16136, 0, 0, 1, 0, 0, 1, 1, 0, 3082.34, -4221.49, 96.8079, 6.26473, 300, 0, 0, 3038, 0, 0, 0, 0, 0, '', NULL, 0, NULL),
(@CGUID+266, 16136, 0, 0, 1, 0, 0, 1, 1, 0, 3339.13, -4524.28, 98.036, 0.225009, 300, 0, 0, 3038, 0, 0, 0, 0, 0, '', NULL, 0, NULL),
(@CGUID+267, 16136, 0, 0, 1, 0, 0, 1, 1, 0, 3664.72, -5539.18, 19.8522, 6.1901, 300, 0, 0, 3038, 0, 0, 0, 0, 0, '', NULL, 0, NULL),
(@CGUID+268, 16136, 0, 0, 1, 0, 0, 1, 1, 0, 3360.41, -5569.45, 10.587, 0.052212, 300, 0, 0, 3038, 0, 0, 0, 0, 0, '', NULL, 0, NULL),
(@CGUID+269, 16136, 0, 0, 1, 0, 0, 1, 1, 0, 3515.77, -5711.01, 4.73716, 6.22545, 300, 0, 0, 3038, 0, 0, 0, 0, 0, '', NULL, 0, NULL),
(@CGUID+270, 16136, 0, 0, 0, 0, 0, 1, 1, 0, -7722.25, -2234.68, 136.647, 6.20495, 300, 0, 0, 3038, 0, 0, 0, 0, 0, '', NULL, 0, NULL),
(@CGUID+271, 16136, 0, 0, 0, 0, 0, 1, 1, 0, -7593.51, -2592.69, 137.623, 6.26386, 300, 0, 0, 3038, 0, 0, 0, 0, 0, '', NULL, 0, NULL),
(@CGUID+272, 16136, 0, 0, 0, 0, 0, 1, 1, 0, -7984.3, -2434.14, 130.307, 6.16176, 300, 0, 0, 3038, 0, 0, 0, 0, 0, '', NULL, 0, NULL),
(@CGUID+273, 16136, 0, 0, 0, 0, 0, 1, 1, 0, -8028.92, -1000.55, 122.648, 0.00813007, 300, 0, 0, 3038, 0, 0, 0, 0, 0, '', NULL, 0, NULL),
(@CGUID+274, 16136, 0, 0, 0, 0, 0, 1, 1, 0, -8362.69, -976.306, 187.089, 0.0984673, 300, 0, 0, 3038, 0, 0, 0, 0, 0, '', NULL, 0, NULL),
(@CGUID+275, 16136, 0, 0, 0, 0, 0, 1, 1, 0, -8401.13, -1204.99, 187.317, 5.89863, 300, 0, 0, 3038, 0, 0, 0, 0, 0, '', NULL, 0, NULL),
-- Cultist Engineer
(@CGUID+276, 16230, 0, 0, 0, 0, 0, 1, 1, 0, -8355.65, -975.599, 186.511, 3.33038, 3600, 0, 0, 3052, 0, 0, 0, 0, 0, '', NULL, 0, NULL),
(@CGUID+277, 16230, 0, 0, 0, 0, 0, 1, 1, 0, -8363.49, -969.557, 188.388, 4.79672, 3600, 0, 0, 3052, 0, 0, 0, 0, 0, '', NULL, 0, NULL),
(@CGUID+278, 16230, 0, 0, 0, 0, 0, 1, 1, 0, -8369.46, -977.04, 187.486, 0.155003, 3600, 0, 0, 3052, 0, 0, 0, 0, 0, '', NULL, 0, NULL),
(@CGUID+279, 16230, 0, 0, 0, 0, 0, 1, 1, 0, -8362.03, -983.07, 186.153, 1.68497, 3600, 0, 0, 3052, 0, 0, 0, 0, 0, '', NULL, 0, NULL),
(@CGUID+280, 16230, 0, 0, 0, 0, 0, 1, 1, 0, -8398.54, -1198.58, 187.31, 4.36319, 3600, 0, 0, 3052, 0, 0, 0, 0, 0, '', NULL, 0, NULL),
(@CGUID+281, 16230, 0, 0, 0, 0, 0, 1, 1, 0, -8407.77, -1202.38, 188.052, 5.94184, 3600, 0, 0, 3052, 0, 0, 0, 0, 0, '', NULL, 0, NULL),
(@CGUID+282, 16230, 0, 0, 0, 0, 0, 1, 1, 0, -8394.55, -1207.63, 187.957, 2.79631, 3600, 0, 0, 3052, 0, 0, 0, 0, 0, '', NULL, 0, NULL),
(@CGUID+283, 16230, 0, 0, 0, 0, 0, 1, 1, 0, -8403.62, -1211.3, 188.357, 1.21766, 3600, 0, 0, 3052, 0, 0, 0, 0, 0, '', NULL, 0, NULL),
(@CGUID+284, 16230, 0, 0, 0, 0, 0, 1, 1, 0, -8029.24, -993.807, 122.634, 4.77311, 3600, 0, 0, 3052, 0, 0, 0, 0, 0, '', NULL, 0, NULL),
(@CGUID+285, 16230, 0, 0, 0, 0, 0, 1, 1, 0, -8035.77, -1000.67, 122.901, 6.26535, 3600, 0, 0, 3052, 0, 0, 0, 0, 0, '', NULL, 0, NULL),
(@CGUID+286, 16230, 0, 0, 0, 0, 0, 1, 1, 0, -8028.89, -1007.34, 122.716, 1.56867, 3600, 0, 0, 3052, 0, 0, 0, 0, 0, '', NULL, 0, NULL),
(@CGUID+287, 16230, 0, 0, 0, 0, 0, 1, 1, 0, -8021.96, -1000.31, 123.146, 3.21016, 3600, 0, 0, 3052, 0, 0, 0, 0, 0, '', NULL, 0, NULL),
(@CGUID+288, 16230, 0, 0, 0, 0, 0, 1, 1, 0, -7721.75, -2227.82, 135.428, 4.66871, 3600, 0, 0, 3052, 0, 0, 0, 0, 0, '', NULL, 0, NULL),
(@CGUID+289, 16230, 0, 0, 0, 0, 0, 1, 1, 0, -7715.54, -2235.11, 137.421, 3.09006, 3600, 0, 0, 3052, 0, 0, 0, 0, 0, '', NULL, 0, NULL),
(@CGUID+290, 16230, 0, 0, 0, 0, 0, 1, 1, 0, -7722.96, -2241.53, 137.73, 1.44857, 3600, 0, 0, 3052, 0, 0, 0, 0, 0, '', NULL, 0, NULL),
(@CGUID+291, 16230, 0, 0, 0, 0, 0, 1, 1, 0, -7729.1, -2234.39, 135.726, 6.16882, 3600, 0, 0, 3052, 0, 0, 0, 0, 0, '', NULL, 0, NULL),
(@CGUID+292, 16230, 0, 0, 0, 0, 0, 1, 1, 0, -7593.5, -2585.97, 137.186, 4.75118, 3600, 0, 0, 3052, 0, 0, 0, 0, 0, '', NULL, 0, NULL),
(@CGUID+293, 16230, 0, 0, 0, 0, 0, 1, 1, 0, -7586.75, -2592.61, 138.61, 3.14897, 3600, 0, 0, 3052, 0, 0, 0, 0, 0, '', NULL, 0, NULL),
(@CGUID+294, 16230, 0, 0, 0, 0, 0, 1, 1, 0, -7593.78, -2599.59, 137.223, 1.48392, 3600, 0, 0, 3052, 0, 0, 0, 0, 0, '', NULL, 0, NULL),
(@CGUID+295, 16230, 0, 0, 0, 0, 0, 1, 1, 0, -7600.61, -2592.72, 136.289, 6.28271, 3600, 0, 0, 3052, 0, 0, 0, 0, 0, '', NULL, 0, NULL),
(@CGUID+296, 16230, 0, 0, 0, 0, 0, 1, 1, 0, -7983.54, -2427.29, 129.06, 4.56898, 3600, 0, 0, 3052, 0, 0, 0, 0, 0, '', NULL, 0, NULL),
(@CGUID+297, 16230, 0, 0, 0, 0, 0, 1, 1, 0, -7977.39, -2434.9, 129.066, 3.0728, 3600, 0, 0, 3052, 0, 0, 0, 0, 0, '', NULL, 0, NULL),
(@CGUID+298, 16230, 0, 0, 0, 0, 0, 1, 1, 0, -7985, -2440.94, 131.15, 1.53734, 3600, 0, 0, 3052, 0, 0, 0, 0, 0, '', NULL, 0, NULL),
(@CGUID+299, 16230, 0, 0, 0, 0, 0, 1, 1, 0, -7991.39, -2433.52, 130.982, 6.15156, 3600, 0, 0, 3052, 0, 0, 0, 0, 0, '', NULL, 0, NULL),
(@CGUID+3600, 16230, 0, 0, 1, 0, 0, 1, 1, 0, 3515.82, -4156.06, 106.502, 1.64345, 3600, 0, 0, 3052, 0, 0, 0, 0, 0, '', NULL, 0, NULL),
(@CGUID+301, 16230, 0, 0, 1, 0, 0, 1, 1, 0, 3508.27, -4149.94, 105.648, 0.110351, 3600, 0, 0, 3052, 0, 0, 0, 0, 0, '', NULL, 0, NULL),
(@CGUID+302, 16230, 0, 0, 1, 0, 0, 1, 1, 0, 3514.75, -4142.57, 106.648, 4.82274, 3600, 0, 0, 3052, 0, 0, 0, 0, 0, '', NULL, 0, NULL),
(@CGUID+303, 16230, 0, 0, 1, 0, 0, 1, 1, 0, 3522.21, -4148.77, 107.53, 3.18519, 3600, 0, 0, 3052, 0, 0, 0, 0, 0, '', NULL, 0, NULL),
(@CGUID+304, 16230, 0, 0, 1, 0, 0, 1, 1, 0, 3089.32, -4221.54, 97.2265, 3.1899, 3600, 0, 0, 3052, 0, 0, 0, 0, 0, '', NULL, 0, NULL),
(@CGUID+305, 16230, 0, 0, 1, 0, 0, 1, 1, 0, 3082.33, -4214.72, 97.1788, 4.7332, 3600, 0, 0, 3052, 0, 0, 0, 0, 0, '', NULL, 0, NULL),
(@CGUID+306, 16230, 0, 0, 1, 0, 0, 1, 1, 0, 3075.45, -4221.65, 95.7925, 0.103264, 3600, 0, 0, 3052, 0, 0, 0, 0, 0, '', NULL, 0, NULL),
(@CGUID+307, 16230, 0, 0, 1, 0, 0, 1, 1, 0, 3082.13, -4228.14, 96.5724, 1.54054, 3600, 0, 0, 3052, 0, 0, 0, 0, 0, '', NULL, 0, NULL),
(@CGUID+308, 16230, 0, 0, 1, 0, 0, 1, 1, 0, 3337.37, -4517.63, 97.7727, 4.96252, 3600, 0, 0, 3052, 0, 0, 0, 0, 0, '', NULL, 0, NULL),
(@CGUID+309, 16230, 0, 0, 1, 0, 0, 1, 1, 0, 3332.42, -4526.14, 98.2388, 0.242275, 3600, 0, 0, 3052, 0, 0, 0, 0, 0, '', NULL, 0, NULL),
(@CGUID+310, 16230, 0, 0, 1, 0, 0, 1, 1, 0, 3340.68, -4531.13, 98.2246, 1.82878, 3600, 0, 0, 3052, 0, 0, 0, 0, 0, '', NULL, 0, NULL),
(@CGUID+311, 16230, 0, 0, 1, 0, 0, 1, 1, 0, 3345.82, -4522.6, 98.054, 3.41921, 3600, 0, 0, 3052, 0, 0, 0, 0, 0, '', NULL, 0, NULL),
(@CGUID+312, 16230, 0, 0, 1, 0, 0, 1, 1, 0, 3664.02, -5546.08, 18.6804, 1.52118, 3600, 0, 0, 3052, 0, 0, 0, 0, 0, '', NULL, 0, NULL),
(@CGUID+313, 16230, 0, 0, 1, 0, 0, 1, 1, 0, 3671.77, -5539.77, 18.8345, 3.05664, 3600, 0, 0, 3052, 0, 0, 0, 0, 0, '', NULL, 0, NULL),
(@CGUID+314, 16230, 0, 0, 1, 0, 0, 1, 1, 0, 3665.19, -5532.4, 20.9256, 4.65884, 3600, 0, 0, 3052, 0, 0, 0, 0, 0, '', NULL, 0, NULL),
(@CGUID+315, 16230, 0, 0, 1, 0, 0, 1, 1, 0, 3657.76, -5538.72, 20.8461, 6.26105, 3600, 0, 0, 3052, 0, 0, 0, 0, 0, '', NULL, 0, NULL),
(@CGUID+316, 16230, 0, 0, 1, 0, 0, 1, 1, 0, 3516.04, -5704.06, 4.7149, 4.66434, 3600, 0, 0, 3052, 0, 0, 0, 0, 0, '', NULL, 0, NULL),
(@CGUID+317, 16230, 0, 0, 1, 0, 0, 1, 1, 0, 3522.85, -5711.22, 5.0936, 3.10533, 3600, 0, 0, 3052, 0, 0, 0, 0, 0, '', NULL, 0, NULL),
(@CGUID+318, 16230, 0, 0, 1, 0, 0, 1, 1, 0, 3515.34, -5717.97, 4.62466, 1.55417, 3600, 0, 0, 3052, 0, 0, 0, 0, 0, '', NULL, 0, NULL),
(@CGUID+319, 16230, 0, 0, 1, 0, 0, 1, 1, 0, 3508.76, -5710.86, 4.84251, 0.018712, 3600, 0, 0, 3052, 0, 0, 0, 0, 0, '', NULL, 0, NULL),
(@CGUID+320, 16230, 0, 0, 1, 0, 0, 1, 1, 0, 3360.7, -5576.47, 9.51929, 1.69632, 3600, 0, 0, 3052, 0, 0, 0, 0, 0, '', NULL, 0, NULL),
(@CGUID+321, 16230, 0, 0, 1, 0, 0, 1, 1, 0, 3353.64, -5570.05, 10.7653, 0.121598, 3600, 0, 0, 3052, 0, 0, 0, 0, 0, '', NULL, 0, NULL),
(@CGUID+322, 16230, 0, 0, 1, 0, 0, 1, 1, 0, 3359.82, -5562.6, 11.9385, 4.7908, 3600, 0, 0, 3052, 0, 0, 0, 0, 0, '', NULL, 0, NULL),
(@CGUID+323, 16230, 0, 0, 1, 0, 0, 1, 1, 0, 3367.23, -5569.11, 10.6578, 3.18073, 3600, 0, 0, 3052, 0, 0, 0, 0, 0, '', NULL, 0, NULL),
(@CGUID+324, 16230, 0, 0, 1, 0, 0, 1, 1, 0, 7943.64, -3868.4, 695.324, 3.15718, 3600, 0, 0, 3052, 0, 0, 0, 0, 0, '', NULL, 0, NULL),
(@CGUID+325, 16230, 0, 0, 1, 0, 0, 1, 1, 0, 7936.14, -3874.74, 695.383, 1.50785, 3600, 0, 0, 3052, 0, 0, 0, 0, 0, '', NULL, 0, NULL),
(@CGUID+326, 16230, 0, 0, 1, 0, 0, 1, 1, 0, 7929.6, -3867.54, 695.97, 6.2595, 3600, 0, 0, 3052, 0, 0, 0, 0, 0, '', NULL, 0, NULL),
(@CGUID+327, 16230, 0, 0, 1, 0, 0, 1, 1, 0, 7937.02, -3861.13, 695.3, 4.66908, 3600, 0, 0, 3052, 0, 0, 0, 0, 0, '', NULL, 0, NULL),
(@CGUID+328, 16230, 0, 0, 1, 0, 0, 1, 1, 0, 7697.54, -3868.07, 687.055, 3.15483, 3600, 0, 0, 3052, 0, 0, 0, 0, 0, '', NULL, 0, NULL),
(@CGUID+329, 16230, 0, 0, 1, 0, 0, 1, 1, 0, 7690.3, -3861.41, 686.438, 4.78845, 3600, 0, 0, 3052, 0, 0, 0, 0, 0, '', NULL, 0, NULL),
(@CGUID+330, 16230, 0, 0, 1, 0, 0, 1, 1, 0, 7683.42, -3868.25, 685.978, 0.00301361, 3600, 0, 0, 3052, 0, 0, 0, 0, 0, '', NULL, 0, NULL),
(@CGUID+331, 16230, 0, 0, 1, 0, 0, 1, 1, 0, 7690.47, -3874.98, 686.928, 1.59109, 3600, 0, 0, 3052, 0, 0, 0, 0, 0, '', NULL, 0, NULL),
(@CGUID+332, 16230, 0, 0, 1, 0, 0, 1, 1, 0, 7830.23, -4213.98, 675.201, 3.14538, 3600, 0, 0, 3052, 0, 0, 0, 0, 0, '', NULL, 0, NULL),
(@CGUID+333, 16230, 0, 0, 1, 0, 0, 1, 1, 0, 7823.3, -4207.3, 675.431, 4.65727, 3600, 0, 0, 3052, 0, 0, 0, 0, 0, '', NULL, 0, NULL),
(@CGUID+334, 16230, 0, 0, 1, 0, 0, 1, 1, 0, 7816.53, -4214.22, 675.088, 0.0281389, 3600, 0, 0, 3052, 0, 0, 0, 0, 0, '', NULL, 0, NULL),
(@CGUID+335, 16230, 0, 0, 1, 0, 0, 1, 1, 0, 7823.34, -4220.77, 675.576, 1.55574, 3600, 0, 0, 3052, 0, 0, 0, 0, 0, '', NULL, 0, NULL),
(@CGUID+336, 16230, 0, 0, 1, 0, 0, 1, 1, 0, 6096.2, -5050.74, 794.539, 2.89298, 3600, 0, 0, 3052, 0, 0, 0, 0, 0, '', NULL, 0, NULL),
(@CGUID+337, 16230, 0, 0, 1, 0, 0, 1, 1, 0, 6087.82, -5056.13, 796.21, 1.44392, 3600, 0, 0, 3052, 0, 0, 0, 0, 0, '', NULL, 0, NULL),
(@CGUID+338, 16230, 0, 0, 1, 0, 0, 1, 1, 0, 6082.39, -5048.01, 793.763, 6.09662, 3600, 0, 0, 3052, 0, 0, 0, 0, 0, '', NULL, 0, NULL),
(@CGUID+339, 16230, 0, 0, 1, 0, 0, 1, 1, 0, 6090.67, -5042.64, 792.66, 4.56117, 3600, 0, 0, 3052, 0, 0, 0, 0, 0, '', NULL, 0, NULL),
(@CGUID+340, 16230, 0, 0, 1, 0, 0, 1, 1, 0, 6030.8, -4767.58, 796.16, 0.115281, 3600, 0, 0, 3052, 0, 0, 0, 0, 0, '', NULL, 0, NULL),
(@CGUID+341, 16230, 0, 0, 1, 0, 0, 1, 1, 0, 6037.37, -4774.73, 793.667, 1.58869, 3600, 0, 0, 3052, 0, 0, 0, 0, 0, '', NULL, 0, NULL),
(@CGUID+342, 16230, 0, 0, 1, 0, 0, 1, 1, 0, 6044.85, -4768.11, 792.894, 3.00556, 3600, 0, 0, 3052, 0, 0, 0, 0, 0, '', NULL, 0, NULL),
(@CGUID+343, 16230, 0, 0, 1, 0, 0, 1, 1, 0, 60038.03, -4760.85, 794.681, 4.67846, 3600, 0, 0, 3052, 0, 0, 0, 0, 0, '', NULL, 0, NULL),
(@CGUID+344, 16230, 0, 0, 1, 0, 0, 1, 1, 0, 6272.15, -4774.81, 756.141, 6.28143, 3600, 0, 0, 3052, 0, 0, 0, 0, 0, '', NULL, 0, NULL),
(@CGUID+345, 16230, 0, 0, 1, 0, 0, 1, 1, 0, 6279.78, -4768.61, 755.198, 4.65017, 3600, 0, 0, 3052, 0, 0, 0, 0, 0, '', NULL, 0, NULL),
(@CGUID+346, 16230, 0, 0, 1, 0, 0, 1, 1, 0, 6286.14, -4775.79, 756.845, 3.17755, 3600, 0, 0, 3052, 0, 0, 0, 0, 0, '', NULL, 0, NULL),
(@CGUID+347, 16230, 0, 0, 1, 0, 0, 1, 1, 0, 6278.39, -4782.27, 757.045, 1.48109, 3600, 0, 0, 3052, 0, 0, 0, 0, 0, '', NULL, 0, NULL),
(@CGUID+348, 16230, 0, 0, 1, 0, 0, 1, 1, 0, -7245.71, -3552.03, 13.2344, 1.62167, 3600, 0, 0, 3052, 0, 0, 0, 0, 0, '', NULL, 0, NULL),
(@CGUID+349, 16230, 0, 0, 1, 0, 0, 1, 1, 0, -7252.81, -3545.27, 13.1679, 0.0233876, 3600, 0, 0, 3052, 0, 0, 0, 0, 0, '', NULL, 0, NULL),
(@CGUID+350, 16230, 0, 0, 1, 0, 0, 1, 1, 0, -7246.06, -3538.19, 13.5614, 4.75149, 3600, 0, 0, 3052, 0, 0, 0, 0, 0, '', NULL, 0, NULL),
(@CGUID+351, 16230, 0, 0, 1, 0, 0, 1, 1, 0, -7238.76, -3544.81, 13.6515, 3.16499, 3600, 0, 0, 3052, 0, 0, 0, 0, 0, '', NULL, 0, NULL),
(@CGUID+352, 16230, 0, 0, 1, 0, 0, 1, 1, 0, -7625.62, -3741.5, 19.5601, 3.21444, 3600, 0, 0, 3052, 0, 0, 0, 0, 0, '', NULL, 0, NULL),
(@CGUID+353, 16230, 0, 0, 1, 0, 0, 1, 1, 0, -7632.27, -3748.86, 20.6343, 1.65935, 3600, 0, 0, 3052, 0, 0, 0, 0, 0, '', NULL, 0, NULL),
(@CGUID+354, 16230, 0, 0, 1, 0, 0, 1, 1, 0, -7639.52, -3742.23, 22.7781, 0.100334, 3600, 0, 0, 3052, 0, 0, 0, 0, 0, '', NULL, 0, NULL),
(@CGUID+355, 16230, 0, 0, 1, 0, 0, 1, 1, 0, -7632.79, -3734.94, 21.0376, 4.74205, 3600, 0, 0, 3052, 0, 0, 0, 0, 0, '', NULL, 0, NULL),
(@CGUID+356, 16230, 0, 0, 1, 0, 0, 1, 1, 0, -7328.25, -3967.1, 10.4886, 4.66351, 3600, 0, 0, 3052, 0, 0, 0, 0, 0, '', NULL, 0, NULL),
(@CGUID+357, 16230, 0, 0, 1, 0, 0, 1, 1, 0, -7335.59, -3973.37, 10.9025, 6.23037, 3600, 0, 0, 3052, 0, 0, 0, 0, 0, '', NULL, 0, NULL),
(@CGUID+358, 16230, 0, 0, 1, 0, 0, 1, 1, 0, -7329.35, -3980.92, 12.2357, 1.52191, 3600, 0, 0, 3052, 0, 0, 0, 0, 0, '', NULL, 0, NULL),
(@CGUID+359, 16230, 0, 0, 1, 0, 0, 1, 1, 0, -7321.66, -3974.36, 11.3763, 3.15947, 3600, 0, 0, 3052, 0, 0, 0, 0, 0, '', NULL, 0, NULL),
(@CGUID+360, 16230, 0, 0, 1, 0, 0, 1, 1, 0, -8334.75, -4207.62, 12.7986, 3.41724, 3600, 0, 0, 3052, 0, 0, 0, 0, 0, '', NULL, 0, NULL),
(@CGUID+361, 16230, 0, 0, 1, 0, 0, 1, 1, 0, -8340.1, -4216.03, 13.6648, 1.77576, 3600, 0, 0, 3052, 0, 0, 0, 0, 0, '', NULL, 0, NULL),
(@CGUID+362, 16230, 0, 0, 1, 0, 0, 1, 1, 0, -8348.2, -4210.88, 12.883, 0.232449, 3600, 0, 0, 3052, 0, 0, 0, 0, 0, '', NULL, 0, NULL),
(@CGUID+363, 16230, 0, 0, 1, 0, 0, 1, 1, 0, -8342.99, -4202.64, 12.3672, 4.99118, 3600, 0, 0, 3052, 0, 0, 0, 0, 0, '', NULL, 0, NULL),
(@CGUID+364, 16230, 0, 0, 1, 0, 0, 1, 1, 0, -8503.91, -3834.44, 23.5167, 1.31237, 3600, 0, 0, 3052, 0, 0, 0, 0, 0, '', NULL, 0, NULL),
(@CGUID+365, 16230, 0, 0, 1, 0, 0, 1, 1, 0, -8509.31, -3826.02, 23.0791, 6.07111, 3600, 0, 0, 3052, 0, 0, 0, 0, 0, '', NULL, 0, NULL),
(@CGUID+366, 16230, 0, 0, 1, 0, 0, 1, 1, 0, -8500.57, -3821.04, 23.0026, 4.48147, 3600, 0, 0, 3052, 0, 0, 0, 0, 0, '', NULL, 0, NULL),
(@CGUID+367, 16230, 0, 0, 1, 0, 0, 1, 1, 0, -8495.32, -3829.36, 22.9058, 2.9735, 3600, 0, 0, 3052, 0, 0, 0, 0, 0, '', NULL, 0, NULL),
(@CGUID+368, 16230, 0, 0, 1, 0, 0, 1, 1, 0, -8167.91, -3803.02, 15.0044, 4.90324, 3600, 0, 0, 3052, 0, 0, 0, 0, 0, '', NULL, 0, NULL),
(@CGUID+369, 16230, 0, 0, 1, 0, 0, 1, 1, 0, -8159.66, -3808.62, 15.1933, 3.36307, 3600, 0, 0, 3052, 0, 0, 0, 0, 0, '', NULL, 0, NULL),
(@CGUID+370, 16230, 0, 0, 1, 0, 0, 1, 1, 0, -8165.54, -3816.68, 14.9226, 1.76086, 3600, 0, 0, 3052, 0, 0, 0, 0, 0, '', NULL, 0, NULL),
(@CGUID+371, 16230, 0, 0, 1, 0, 0, 1, 1, 0, -8173.77, -3810.98, 14.3194, 0.178284, 3600, 0, 0, 3052, 0, 0, 0, 0, 0, '', NULL, 0, NULL),
(@CGUID+372, 16230, 0, 0, 1, 0, 0, 1, 1, 0, -8535.94, -2713.07, 18.868, 1.28962, 3600, 0, 0, 3052, 0, 0, 0, 0, 0, '', NULL, 0, NULL),
(@CGUID+373, 16230, 0, 0, 1, 0, 0, 1, 1, 0, -8540.99, -2704.55, 19.5146, 6.02793, 3600, 0, 0, 3052, 0, 0, 0, 0, 0, '', NULL, 0, NULL),
(@CGUID+374, 16230, 0, 0, 1, 0, 0, 1, 1, 0, -8532, -2700.12, 21.3464, 4.45085, 3600, 0, 0, 3052, 0, 0, 0, 0, 0, '', NULL, 0, NULL),
(@CGUID+375, 16230, 0, 0, 1, 0, 0, 1, 1, 0, -8527.51, -2708.44, 20.5064, 2.82979, 3600, 0, 0, 3052, 0, 0, 0, 0, 0, '', NULL, 0, NULL),
(@CGUID+376, 16230, 0, 0, 1, 0, 0, 1, 1, 0, -8534.43, -2310.63, 29.8571, 1.68703, 3600, 0, 0, 3052, 0, 0, 0, 0, 0, '', NULL, 0, NULL),
(@CGUID+377, 16230, 0, 0, 1, 0, 0, 1, 1, 0, -8528.29, -2303.32, 29.7623, 3.30495, 3600, 0, 0, 3052, 0, 0, 0, 0, 0, '', NULL, 0, NULL),
(@CGUID+378, 16230, 0, 0, 1, 0, 0, 1, 1, 0, -8535.9, -2297, 28.2608, 4.94015, 3600, 0, 0, 3052, 0, 0, 0, 0, 0, '', NULL, 0, NULL),
(@CGUID+379, 16230, 0, 0, 1, 0, 0, 1, 1, 0, -8541.79, -2304.65, 28.32, 0.10601, 3600, 0, 0, 3052, 0, 0, 0, 0, 0, '', NULL, 0, NULL),
(@CGUID+380, 16230, 0, 0, 1, 0, 0, 1, 1, 0, -8829.21, -2598.94, 21.3911, 4.93542, 3600, 0, 0, 3052, 0, 0, 0, 0, 0, '', NULL, 0, NULL),
(@CGUID+381, 16230, 0, 0, 1, 0, 0, 1, 1, 0, -8821.35, -2604.67, 21.9695, 3.32536, 3600, 0, 0, 3052, 0, 0, 0, 0, 0, '', NULL, 0, NULL),
(@CGUID+382, 16230, 0, 0, 1, 0, 0, 1, 1, 0, -8826.81, -2612.4, 23.4198, 1.87237, 3600, 0, 0, 3052, 0, 0, 0, 0, 0, '', NULL, 0, NULL),
(@CGUID+383, 16230, 0, 0, 1, 0, 0, 1, 1, 0, -8834.51, -2607.08, 22.6195, 0.17591, 3600, 0, 0, 3052, 0, 0, 0, 0, 0, '', NULL, 0, NULL),
(@CGUID+384, 16230, 0, 0, 1, 0, 0, 1, 1, 0, 6537.31, -3487.3, 641.973, 4.84185, 3600, 0, 0, 3052, 0, 0, 0, 0, 0, '', NULL, 0, NULL),
(@CGUID+385, 16230, 0, 0, 1, 0, 0, 1, 1, 0, 6544.6, -3493.88, 644.869, 3.22393, 3600, 0, 0, 3052, 0, 0, 0, 0, 0, '', NULL, 0, NULL),
(@CGUID+386, 16230, 0, 0, 1, 0, 0, 1, 1, 0, 6537.82, -3500.85, 644.809, 1.5471, 3600, 0, 0, 3052, 0, 0, 0, 0, 0, '', NULL, 0, NULL),
(@CGUID+387, 16230, 0, 0, 1, 0, 0, 1, 1, 0, 6530.82, -3494.56, 642.175, 6.25556, 3600, 0, 0, 3052, 0, 0, 0, 0, 0, '', NULL, 0, NULL),
(@CGUID+388, 16230, 0, 0, 1, 0, 0, 1, 1, 0, 6779.39, -3600.1, 716.679, 0.00379658, 3600, 0, 0, 3052, 0, 0, 0, 0, 0, '', NULL, 0, NULL),
(@CGUID+389, 16230, 0, 0, 1, 0, 0, 1, 1, 0, 6786.58, -3593.05, 715.278, 4.75153, 3600, 0, 0, 3052, 0, 0, 0, 0, 0, '', NULL, 0, NULL),
(@CGUID+390, 16230, 0, 0, 1, 0, 0, 1, 1, 0, 6793.39, -3600.09, 717.289, 3.16896, 3600, 0, 0, 3052, 0, 0, 0, 0, 0, '', NULL, 0, NULL),
(@CGUID+391, 16230, 0, 0, 1, 0, 0, 1, 1, 0, 6786.38, -3606.56, 718.783, 1.68848, 3600, 0, 0, 3052, 0, 0, 0, 0, 0, '', NULL, 0, NULL),
(@CGUID+392, 16230, 0, 0, 1, 0, 0, 1, 1, 0, 6741.18, -3356.89, 688.374, 1.7254, 3600, 0, 0, 3052, 0, 0, 0, 0, 0, '', NULL, 0, NULL),
(@CGUID+393, 16230, 0, 0, 1, 0, 0, 1, 1, 0, 6733.6, -3350.82, 687.743, 0.134968, 3600, 0, 0, 3052, 0, 0, 0, 0, 0, '', NULL, 0, NULL),
(@CGUID+394, 16230, 0, 0, 1, 0, 0, 1, 1, 0, 6739.77, -3343.21, 686.886, 4.87642, 3600, 0, 0, 3052, 0, 0, 0, 0, 0, '', NULL, 0, NULL),
(@CGUID+395, 16230, 0, 0, 1, 0, 0, 1, 1, 0, 6747.54, -3349.5, 687.45, 3.31348, 3600, 0, 0, 3052, 0, 0, 0, 0, 0, '', NULL, 0, NULL),
(@CGUID+396, 16230, 0, 0, 0, 0, 0, 1, 1, 0, -11183.1, -2992.23, 8.40215, 1.61986, 3600, 0, 0, 3052, 0, 0, 0, 0, 0, '', NULL, 0, NULL),
(@CGUID+397, 16230, 0, 0, 0, 0, 0, 1, 1, 0, -11190.4, -2985.72, 7.5904, 0.0765498, 3600, 0, 0, 3052, 0, 0, 0, 0, 0, '', NULL, 0, NULL),
(@CGUID+398, 16230, 0, 0, 0, 0, 0, 1, 1, 0, -11183.5, -2978.64, 7.81095, 4.75989, 3600, 0, 0, 3052, 0, 0, 0, 0, 0, '', NULL, 0, NULL),
(@CGUID+399, 16230, 0, 0, 0, 0, 0, 1, 1, 0, -11176.3, -2985.32, 8.2571, 3.17338, 3600, 0, 0, 3052, 0, 0, 0, 0, 0, '', NULL, 0, NULL),
(@CGUID+400, 16230, 0, 0, 0, 0, 0, 1, 1, 0, -11033.9, -2785.81, 4.91768, 0.173162, 3600, 0, 0, 3052, 0, 0, 0, 0, 0, '', NULL, 0, NULL),
(@CGUID+401, 16230, 0, 0, 0, 0, 0, 1, 1, 0, -11028.1, -2777.95, 4.19832, 4.85414, 3600, 0, 0, 3052, 0, 0, 0, 0, 0, '', NULL, 0, NULL),
(@CGUID+402, 16230, 0, 0, 0, 0, 0, 1, 1, 0, -11020.1, -2783.72, 4.33496, 3.37367, 3600, 0, 0, 3052, 0, 0, 0, 0, 0, '', NULL, 0, NULL),
(@CGUID+403, 16230, 0, 0, 0, 0, 0, 1, 1, 0, -11026.1, -2791.2, 4.95228, 1.74004, 3600, 0, 0, 3052, 0, 0, 0, 0, 0, '', NULL, 0, NULL),
(@CGUID+404, 16230, 0, 0, 0, 0, 0, 1, 1, 0, -11429.3, -2810.59, -0.442708, 4.84315, 3600, 0, 0, 3052, 0, 0, 0, 0, 0, '', NULL, 0, NULL),
(@CGUID+405, 16230, 0, 0, 0, 0, 0, 1, 1, 0, -11435.8, -2817.95, -1.34723, 0.122901, 3600, 0, 0, 3052, 0, 0, 0, 0, 0, '', NULL, 0, NULL),
(@CGUID+406, 16230, 0, 0, 0, 0, 0, 1, 1, 0, -11428.5, -2824.3, 0.0377734, 1.61123, 3600, 0, 0, 3052, 0, 0, 0, 0, 0, '', NULL, 0, NULL),
(@CGUID+407, 16230, 0, 0, 0, 0, 0, 1, 1, 0, -11421.9, -2816.82, 0.887642, 3.26449, 3600, 0, 0, 3052, 0, 0, 0, 0, 0, '', NULL, 0, NULL),
(@CGUID+408, 16230, 0, 0, 0, 0, 0, 1, 1, 0, -11336, -3145.88, 6.18957, 4.84708, 3600, 0, 0, 3052, 0, 0, 0, 0, 0, '', NULL, 0, NULL),
(@CGUID+409, 16230, 0, 0, 0, 0, 0, 1, 1, 0, -11328.4, -3151.44, 6.41788, 3.28806, 3600, 0, 0, 3052, 0, 0, 0, 0, 0, '', NULL, 0, NULL),
(@CGUID+410, 16230, 0, 0, 0, 0, 0, 1, 1, 0, -11334.4, -3159.16, 7.33796, 1.68192, 3600, 0, 0, 3052, 0, 0, 0, 0, 0, '', NULL, 0, NULL),
(@CGUID+411, 16230, 0, 0, 0, 0, 0, 1, 1, 0, -11341.8, -3153.37, 7.0083, 0.111126, 3600, 0, 0, 3052, 0, 0, 0, 0, 0, '', NULL, 0, NULL),
(@CGUID+412, 16230, 0, 0, 0, 0, 0, 1, 1, 0, -11529.6, -3285.55, 8.99398, 3.1624, 3600, 0, 0, 3052, 0, 0, 0, 0, 0, '', NULL, 0, NULL),
(@CGUID+413, 16230, 0, 0, 0, 0, 0, 1, 1, 0, -11536.2, -3278.51, 8.31776, 4.72141, 3600, 0, 0, 3052, 0, 0, 0, 0, 0, '', NULL, 0, NULL),
(@CGUID+414, 16230, 0, 0, 0, 0, 0, 1, 1, 0, -11543.2, -3284.88, 8.06238, 6.23329, 3600, 0, 0, 3052, 0, 0, 0, 0, 0, '', NULL, 0, NULL),
(@CGUID+415, 16230, 0, 0, 0, 0, 0, 1, 1, 0, -11536.8, -3292.08, 8.68502, 1.52876, 3600, 0, 0, 3052, 0, 0, 0, 0, 0, '', NULL, 0, NULL),
(@CGUID+416, 16230, 0, 0, 0, 0, 0, 1, 1, 0, -11257.1, -3346.73, 10.1141, 0.188074, 3600, 0, 0, 3052, 0, 0, 0, 0, 0, '', NULL, 0, NULL),
(@CGUID+417, 16230, 0, 0, 0, 0, 0, 1, 1, 0, -11251.1, -3338.59, 9.55867, 4.88476, 3600, 0, 0, 3052, 0, 0, 0, 0, 0, '', NULL, 0, NULL),
(@CGUID+418, 16230, 0, 0, 0, 0, 0, 1, 1, 0, -11243.3, -3344.35, 9.21256, 3.2904, 3600, 0, 0, 3052, 0, 0, 0, 0, 0, '', NULL, 0, NULL),
(@CGUID+419, 16230, 0, 0, 0, 0, 0, 1, 1, 0, -11249, -3352.15, 9.87534, 1.71175, 3600, 0, 0, 3052, 0, 0, 0, 0, 0, '', NULL, 0, NULL);


/*-- Smart AI --*/

UPDATE `creature_template` SET `AIName` = 'SmartAI' WHERE `entry` IN (16230, 16422, 16423, 16437, 16438);

DELETE FROM `smart_scripts` WHERE `entryorguid` IN (-660350, 16143, 16230, 16422, 16423, 16437, 16438);
INSERT INTO `smart_scripts` (`entryorguid`, `source_type`, `id`, `link`, `event_type`, `event_phase_mask`, `event_chance`, 
`event_flags`, `event_param1`, `event_param2`, `event_param3`, `event_param4`, `event_param5`, `event_param6`, 
`action_type`, `action_param1`, `action_param2`, `action_param3`, `action_param4`, `action_param5`, `action_param6`, 
`target_type`, `target_param1`, `target_param2`, `target_param3`, `target_param4`, `target_x`, `target_y`, `target_z`, `target_o`, `comment`) VALUES

-- (-660350, 0, 0, 0, 1, 0, 100, 0, 500, 1000, 15000, 15000, 0, 0, 11, 47850, 0, 0, 0, 0, 0, 10, 660246, 0, 0, 0, 0, 0, 0, 0, 'Cultist Engineer - Cast Scourge Beam'),    -- doesn't work

(16230, 0, 1, 0, 11, 0, 100, 512, 0, 0, 0, 0, 0, 0, 2, 190, 0, 0, 0, 0, 0, 1, 0, 0, 0, 0, 0, 0, 0, 0, 'Cultist Engineer - On Respawn - Set Faction 190'),
(16230, 0, 2, 3, 62, 0, 100, 512, 66000, 0, 0, 0, 0, 0, 36, 16143, 0, 0, 0, 0, 0, 1, 0, 0, 0, 0, 0, 0, 0, 0, 'Cultist Engineer - On Gossip Option 0 Selected - Summon Shadow of Doom'),
(16230, 0, 3, 4, 61, 0, 100, 512, 0, 0, 0, 0, 0, 0, 57, 22484, 8, 0, 0, 0, 0, 7, 0, 0, 0, 0, 0, 0, 0, 0, 'Cultist Engineer - On Gossip Option 0 Selected - Remove 8 Necrotic Runes'),
(16230, 0, 4, 5, 61, 0, 100, 512, 0, 0, 0, 0, 0, 0, 142, 100, 0, 0, 0, 0, 0, 1, 0, 0, 0, 0, 0, 0, 0, 0, 'Cultist Engineer - On Gossip Option 0 Selected - Set Health 100%'),
(16230, 0, 5, 6, 61, 0, 100, 512, 0, 0, 0, 0, 0, 0, 2, 14, 0, 0, 0, 0, 0, 1, 0, 0, 0, 0, 0, 0, 0, 0, 'Cultist Engineer - On Gossip Option 0 Selected - Set Faction 14'),
(16230, 0, 6, 0, 61, 0, 100, 512, 0, 0, 0, 0, 0, 0, 49, 0, 0, 0, 0, 0, 0, 7, 0, 0, 0, 0, 0, 0, 0, 0, 'Cultist Engineer - On Gossip Option 0 Selected - Start Attacking'),
(16230, 0, 7, 0, 0, 0, 100, 0, 4000, 7000, 9000, 12000, 0, 0, 11, 16568, 0, 0, 0, 0, 0, 2, 0, 0, 0, 0, 0, 0, 0, 0, 'Shadow of Doom - In Combat - Cast Mind Flay'),
(16230, 0, 8, 0, 0, 0, 100, 0, 2000, 5000, 12000, 15000, 0, 0, 11, 12542, 1, 0, 0, 0, 0, 6, 0, 0, 0, 0, 0, 0, 0, 0, 'Shadow of Doom - In Combat - Cast Fear'),
--
(16422, 0, 0, 0, 0, 0, 100, 0, 5000, 7000, 10000, 12000, 0, 0, 11, 55090, 0, 0, 0, 0, 0, 2, 0, 0, 0, 0, 0, 0, 0, 0, 'Skeletal Soldier - In Combat - Cast Scourge Strike'),
(16423, 0, 0, 0, 0, 0, 100, 0, 5000, 7000, 10000, 12000, 0, 0, 11, 55090, 0, 0, 0, 0, 0, 2, 0, 0, 0, 0, 0, 0, 0, 0, 'Spectral Apparition - In Combat - Cast Scourge Strike'),
(16437, 0, 0, 0, 0, 0, 100, 0, 5000, 7000, 10000, 12000, 0, 0, 11, 55090, 0, 0, 0, 0, 0, 2, 0, 0, 0, 0, 0, 0, 0, 0, 'Spectral Spirit - In Combat - Cast Scourge Strike'), 
(16438, 0, 0, 0, 0, 0, 100, 0, 5000, 7000, 10000, 12000, 0, 0, 11, 55090, 0, 0, 0, 0, 0, 2, 0, 0, 0, 0, 0, 0, 0, 0, 'Skeletal Trooper - In Combat - Cast Scourge Strike');
--


/*-- Update objects and NPCs --*/

UPDATE `gameobject` SET `ScriptName` = 'gobject_ipp_si' WHERE `id` IN 
(181154, 181172, 181215, 181223, 181227, 181254, 181255, 181256, 181373, 181374);

UPDATE `creature` SET `ScriptName` = 'npc_ipp_si' WHERE `id1` IN 
(16241, 16255, 16281, 16285, 16359, 16361, 16478, 16484, 16490, 16493, 16494, 16495, 16786, 16787); -- 29441, 29442

UPDATE `creature` SET `phaseMask` = @IPPPHASE WHERE `id1` IN 
(16136, 16230, 16422, 16423, 16437, 16438, 16995,
-- Sever, Balzaphon, Lady Falther'ess, Revanchion, Scorn
 14682, 14684, 14686, 14690, 14693);
 
UPDATE `creature_template` SET `name` = 'Mouth of Kel\'Thuzad' WHERE `entry` = 16995;

-- set Necrotic Shards to Not selectable
UPDATE `creature_template` SET `unit_flags` = 33554432 WHERE `entry` = 16136;

-- set Necropolis object to Not selectable
UPDATE `gameobject_template_addon` SET `flags` = 16 WHERE `entry` IN (181154, 181215, 181223, 181373, 181374);

-- Shadow of Doom
UPDATE `creature_loot_template` SET `MinCount` = 30, `MaxCount` = 30 WHERE `Item` = 22484 AND `entry` = 16143;


/**-- Gossip Menu --**/

UPDATE `creature_template` SET `gossip_menu_id` = 66000, `npcflag` = 1, `flags_extra` = 138412032 WHERE `entry` = 16230;

DELETE FROM `npc_text` WHERE `ID` = 66000;
INSERT INTO `npc_text` (`ID`, `text0_0`, `text0_1`, `BroadcastTextID0`) VALUES 
(66000, 'The cultist is in a deep trance...', 'The cultist is in a deep trance...', 12421);

DELETE FROM `gossip_menu` WHERE `MenuID` = 66000;
INSERT INTO `gossip_menu` (`MenuID`, `TextID`) VALUES (66000, 66000);

DELETE FROM `gossip_menu_option` WHERE `MenuID` = 66000;
INSERT INTO `gossip_menu_option` (`MenuID`, `OptionID`, `OptionIcon`, `OptionText`, `OptionBroadcastTextID`, `OptionType`, `OptionNpcFlag`, 
`ActionMenuID`, `ActionPoiID`, `BoxCoded`, `BoxMoney`, `BoxText`, `BoxBroadcastTextID`, `VerifiedBuild`) VALUES 
(66000, 0, 0, 'Use 8 necrotic runes and disrupt his ritual.', 0, 1, 1, 0, 0, 0, 0, NULL, 0, 0); -- 12421

DELETE FROM `conditions` WHERE `SourceTypeOrReferenceId` = 15 AND `SourceGroup` = 66000;
INSERT INTO `conditions` (`SourceTypeOrReferenceId`, `SourceGroup`, `SourceEntry`, `SourceId`, `ElseGroup`, `ConditionTypeOrReference`, `ConditionTarget`, 
`ConditionValue1`, `ConditionValue2`, `ConditionValue3`, `NegativeCondition`, `ErrorType`, `ErrorTextId`, `ScriptName`, `Comment`) VALUES 
(15, 66000, 0, 0, 0, 2, 0, 22484, 8, 0, 0, 0, 0, '', 'Cultist Engineer - Show gossip only if the player has 8 Necrotic Runes');


/*-- Quests --*/

-- Lieutenants, Investigate the Scourge
UPDATE `quest_template` SET `AllowableRaces` = 1101 WHERE `ID` IN (9260, 9261, 9262, 12817); -- Stormwind, Ironforge, Darnassus, Exodar
UPDATE `quest_template` SET `AllowableRaces` = 690 WHERE `ID` IN (9263, 9264, 9265, 12816);  -- Orgrimmar, Thunder Bluff, Undercity, Silvermoon

UPDATE `creature_template` SET `npcflag` = 2 WHERE `entry` IN (16478, 16484, 16490, 16493, 16494, 16495);
UPDATE `creature_template` SET `npcflag` = 0 WHERE `entry` IN (29441, 29442); -- there are no scourge outside Exodar and Silvermoon.

DELETE FROM `creature_queststarter` WHERE `quest` IN (9260, 9261, 9262, 9263, 9264, 9265, 12816, 12817);
INSERT INTO `creature_queststarter` (`id`, `quest`) VALUES
(16478, 9260),  -- Orrin
(16484, 9261),  -- Nevell
(16490, 9264),  -- Lisande
(16493, 9263),  -- Dagel
(16494, 9265),  -- Rukag
(16495, 9262);  -- Beitha
-- (29441, 12816), -- Julek
-- (29442, 12817); -- Kregor

DELETE FROM `creature_questender` WHERE `quest` IN (9260, 9261, 9262, 9263, 9264, 9265, 12816, 12817);
INSERT INTO `creature_questender` (`id`, `quest`) VALUES
(16478, 9260),
(16484, 9261),
(16490, 9264),
(16493, 9263),
(16494, 9265),
(16495, 9262);
-- (29441, 12816),
-- (29442, 12817); 

-- Necrotic Crystal item quests
DELETE FROM `creature_questender` WHERE `quest` IN (9292, 9310);
INSERT INTO `creature_questender` (`id`, `quest`) VALUES
(16478, 9292),
-- (16484, ),
-- (16490, ),
-- (16493, ),
(16494, 9310);
-- (16495, ),
-- (29441, ),
-- (29442, ); 

-- Argent Scout and Recruiter, Light's Hope Chapel
UPDATE `creature_template` SET `npcflag` = 2 WHERE `entry` IN (16241, 16255);

DELETE FROM `creature_queststarter` WHERE `quest` = 9154;
INSERT INTO `creature_queststarter` (`id`, `quest`) VALUES
(16241, 9154),
(16255, 9154);

DELETE FROM `creature_questender` WHERE `quest` = 9154;
INSERT INTO `creature_questender` (`id`, `quest`) VALUES
(16281, 9154);

-- Argent Quartermaster and Outfitter
UPDATE `creature_template` SET `npcflag` = 2 WHERE `entry` IN (16786, 16787);
DELETE FROM `npc_vendor` WHERE `entry` IN (16786, 16787); -- they aren't vendors in vanilla

DELETE FROM `creature_queststarter` WHERE `quest` IN
(9094, 9317, 9318, 9321, 9337, 9341,  -- Alliance
 9333, 9334, 9335, 9336, 9320, 9343); -- Horde
INSERT INTO `creature_queststarter` (`id`, `quest`) VALUES
(16786, 9094), (16786, 9317), (16786, 9318), (16786, 9321), (16786, 9337), (16786, 9341),
(16787, 9333), (16787, 9334), (16787, 9335), (16787, 9336), (16787, 9320), (16787, 9343);

DELETE FROM `creature_questender` WHERE `quest` IN 
(9094, 9317, 9318, 9321, 9337, 9341,  -- Alliance
 9333, 9334, 9335, 9336, 9320, 9343); -- Horde
INSERT INTO `creature_questender` (`id`, `quest`) VALUES
(16786, 9094), (16786, 9317), (16786, 9318), (16786, 9321), (16786, 9337), (16786, 9341),
(16787, 9333), (16787, 9334), (16787, 9335), (16787, 9336), (16787, 9320), (16787, 9343);

UPDATE `quest_template` SET `AllowableRaces` = 1101 WHERE `ID` IN (9094, 9317, 9318, 9321, 9337, 9341);
UPDATE `quest_template` SET `AllowableRaces` = 690  WHERE `ID` IN (9333, 9334, 9335, 9336, 9320, 9343);
